npi,name,state,pecos_provider_type,pecos_codes,pecos_resolved_nucc,nppes_nucc,bh_codes_on_nppes,nppes_lookup_url
1437578903,"JOHNSON, ERIC",DE,PRACTITIONER - CLINICAL PSYCHOLOGIST,14-68,103TC0700X,"101Y00000X,103TS0200X","101Y00000X,103TS0200X",https://npiregistry.cms.hhs.gov/provider-view/1437578903
1104188762,KAREN RUSSO PHD LLC,DE,PART B SUPPLIER - CLINIC/GROUP PRACTICE,12-70,"193200000X,193400000X,261Q00000X,261QM1300X,261QP2000X",103T00000X,103T00000X,https://npiregistry.cms.hhs.gov/provider-view/1104188762
1932245230,MIDDLETOWN COUNSELING INCORPORATED,DE,PART B SUPPLIER - CLINIC/GROUP PRACTICE,12-70,"193200000X,193400000X,261Q00000X,261QM1300X,261QP2000X",101YM0800X,101YM0800X,https://npiregistry.cms.hhs.gov/provider-view/1932245230
1881973162,"ONDOBO, GEORGETTE",DE,PRACTITIONER - NURSE PRACTITIONER,14-50,"363L00000X,363LA2100X,363LA2200X,363LC0200X,363LC1500X+13","101Y00000X,101YM0800X","101Y00000X,101YM0800X",https://npiregistry.cms.hhs.gov/provider-view/1881973162
1538286653,"REINKE, MELANIE",DE,PRACTITIONER - NURSE PRACTITIONER,14-50,"363L00000X,363LA2100X,363LA2200X,363LC0200X,363LC1500X+13",101YP2500X,101YP2500X,https://npiregistry.cms.hhs.gov/provider-view/1538286653
1316186539,"THE MIND AND BODY CONSORTIUM, LLC.",DE,PART B SUPPLIER - CLINIC/GROUP PRACTICE,12-70,"193200000X,193400000X,261Q00000X,261QM1300X,261QP2000X","101YA0400X,101YP2500X,1041C0700X,106H00000X,2084P0800X+3","101YA0400X,101YP2500X,1041C0700X,106H00000X",https://npiregistry.cms.hhs.gov/provider-view/1316186539
1245596287,"BAUER, SUZANNE",DE,PRACTITIONER - CLINICAL PSYCHOLOGIST,14-68,103TC0700X,101YM0800X,101YM0800X,https://npiregistry.cms.hhs.gov/provider-view/1245596287
1669725750,"NOEL, VICTOR",DE,PRACTITIONER - PHYSICIAN ASSISTANT,14-97,"363A00000X,363AM0700X,363AS0400X",1041C0700X,1041C0700X,https://npiregistry.cms.hhs.gov/provider-view/1669725750
1972650711,"LANGAN, JAMES",DE,PRACTITIONER - CLINICAL PSYCHOLOGIST,14-68,103TC0700X,103G00000X,103G00000X,https://npiregistry.cms.hhs.gov/provider-view/1972650711
1659791440,DELAWARE PSYCHOLOGICAL SERVICES LLC,DE,PART B SUPPLIER - CLINIC/GROUP PRACTICE,12-70,"193200000X,193400000X,261Q00000X,261QM1300X,261QP2000X","101YA0400X,101YM0800X","101YA0400X,101YM0800X",https://npiregistry.cms.hhs.gov/provider-view/1659791440
1962895318,"HALEY, ANDRE",DE,PRACTITIONER - MENTAL HEALTH COUNSELOR,14-E2,"101YM0800X,101YP2500X",101YA0400X,101YA0400X,https://npiregistry.cms.hhs.gov/provider-view/1962895318
1205937174,HARMONIOUS MIND LLC,DE,PART B SUPPLIER - CLINIC/GROUP PRACTICE,12-70,"193200000X,193400000X,261Q00000X,261QM1300X,261QP2000X",103TC0700X,103TC0700X,https://npiregistry.cms.hhs.gov/provider-view/1205937174
1083681050,"WILES, CYNTHIA",DE,PRACTITIONER - CLINICAL PSYCHOLOGIST,14-68,103TC0700X,103T00000X,103T00000X,https://npiregistry.cms.hhs.gov/provider-view/1083681050
1033189550,"CONNOLLY, LOREN",DE,PRACTITIONER - CLINICAL PSYCHOLOGIST,14-68,103TC0700X,"103T00000X,103TR0400X","103T00000X,103TR0400X",https://npiregistry.cms.hhs.gov/provider-view/1033189550
1689705857,"LEON, MILES",DE,PRACTITIONER - CLINICAL SOCIAL WORKER,14-80,1041C0700X,101Y00000X,101Y00000X,https://npiregistry.cms.hhs.gov/provider-view/1689705857
1023353240,"BADA, JANET",DE,PRACTITIONER - CLINICAL SOCIAL WORKER,14-80,1041C0700X,101YM0800X,101YM0800X,https://npiregistry.cms.hhs.gov/provider-view/1023353240
1154386696,SURVIVORS OF ABUSE IN RECOVERY INC,DE,PART B SUPPLIER - CLINIC/GROUP PRACTICE,12-70,"193200000X,193400000X,261Q00000X,261QM1300X,261QP2000X","101YM0800X,103T00000X,1041C0700X","101YM0800X,103T00000X,1041C0700X",https://npiregistry.cms.hhs.gov/provider-view/1154386696
1104272426,"LIGHTHOUSE COUNSELING CHRISTIAN MINISTRY, LLC",DE,PART B SUPPLIER - CLINIC/GROUP PRACTICE,12-70,"193200000X,193400000X,261Q00000X,261QM1300X,261QP2000X",101YP2500X,101YP2500X,https://npiregistry.cms.hhs.gov/provider-view/1104272426
1194247254,"WEINTRAUB, DANIEL",DE,PRACTITIONER - CLINICAL PSYCHOLOGIST,14-68,103TC0700X,103T00000X,103T00000X,https://npiregistry.cms.hhs.gov/provider-view/1194247254
1518335876,BALANCED MIND COUNSELING CENTER,DE,PART B SUPPLIER - CLINIC/GROUP PRACTICE,12-70,"193200000X,193400000X,261Q00000X,261QM1300X,261QP2000X",1041C0700X,1041C0700X,https://npiregistry.cms.hhs.gov/provider-view/1518335876
1679988539,"MILLIGAN, M",DE,PRACTITIONER - CLINICAL SOCIAL WORKER,14-80,1041C0700X,101YM0800X,101YM0800X,https://npiregistry.cms.hhs.gov/provider-view/1679988539
1891721981,PSYCH ASSOCIATES OF MARYLAND LLC,DE,PART B SUPPLIER - CLINIC/GROUP PRACTICE,12-70,"193200000X,193400000X,261Q00000X,261QM1300X,261QP2000X","103T00000X,104100000X,2084P0800X",103T00000X,https://npiregistry.cms.hhs.gov/provider-view/1891721981
1518925619,"DIJULIO, STEPHEN",DE,PRACTITIONER - CLINICAL PSYCHOLOGIST,14-68,103TC0700X,103T00000X,103T00000X,https://npiregistry.cms.hhs.gov/provider-view/1518925619
1497201875,BMSC AZ LLC,DE,PART B SUPPLIER - CLINIC/GROUP PRACTICE,12-70,"193200000X,193400000X,261Q00000X,261QM1300X,261QP2000X",1041C0700X,1041C0700X,https://npiregistry.cms.hhs.gov/provider-view/1497201875
1174845317,"MARVIAN, SARAH",DE,PRACTITIONER - CLINICAL PSYCHOLOGIST,14-68,103TC0700X,103T00000X,103T00000X,https://npiregistry.cms.hhs.gov/provider-view/1174845317
1497114821,HAVEN DE LLC,DE,PART B SUPPLIER - CLINIC/GROUP PRACTICE,12-70,"193200000X,193400000X,261Q00000X,261QM1300X,261QP2000X",101YM0800X,101YM0800X,https://npiregistry.cms.hhs.gov/provider-view/1497114821
1215243811,"RITCHIE, ARNEICE",DE,PRACTITIONER - CLINICAL SOCIAL WORKER,14-80,1041C0700X,101YA0400X,101YA0400X,https://npiregistry.cms.hhs.gov/provider-view/1215243811
1275711236,"ADVANCED TREATMENT OPTIONS, LLC",DE,PART B SUPPLIER - CLINIC/GROUP PRACTICE,12-70,"193200000X,193400000X,261Q00000X,261QM1300X,261QP2000X","1041C0700X,133V00000X,364SP0808X",1041C0700X,https://npiregistry.cms.hhs.gov/provider-view/1275711236
1255603593,"SMOLAK KETTLEHAKE, REBECCA",DE,PRACTITIONER - CLINICAL PSYCHOLOGIST,14-68,103TC0700X,103T00000X,103T00000X,https://npiregistry.cms.hhs.gov/provider-view/1255603593
1003273954,NORTHNODE GROUP COUNSELING,DE,PART B SUPPLIER - CLINIC/GROUP PRACTICE,12-70,"193200000X,193400000X,261Q00000X,261QM1300X,261QP2000X",1041C0700X,1041C0700X,https://npiregistry.cms.hhs.gov/provider-view/1003273954
1881909414,"SIMMONS, LEIGHANN",DE,PRACTITIONER - CLINICAL SOCIAL WORKER,14-80,1041C0700X,101YM0800X,101YM0800X,https://npiregistry.cms.hhs.gov/provider-view/1881909414
1134555477,"ALLARD, RUSSELL",DE,PRACTITIONER - MENTAL HEALTH COUNSELOR,14-E2,"101YM0800X,101YP2500X",101Y00000X,101Y00000X,https://npiregistry.cms.hhs.gov/provider-view/1134555477
1164831632,"LOGAN, BETH",DE,PRACTITIONER - CLINICAL PSYCHOLOGIST,14-68,103TC0700X,103TC2200X,103TC2200X,https://npiregistry.cms.hhs.gov/provider-view/1164831632
1467835298,"PINAMONTI, JOLYN",DE,PRACTITIONER - CLINICAL PSYCHOLOGIST,14-68,103TC0700X,103T00000X,103T00000X,https://npiregistry.cms.hhs.gov/provider-view/1467835298
1770808578,"THE LIFE CENTER COMPLEX, INC",DE,PART B SUPPLIER - CLINIC/GROUP PRACTICE,12-70,"193200000X,193400000X,261Q00000X,261QM1300X,261QP2000X","103TP2701X,261QC1500X",103TP2701X,https://npiregistry.cms.hhs.gov/provider-view/1770808578
1922260140,"NGUNANG, MARGARET",DE,PRACTITIONER - CLINICAL SOCIAL WORKER,14-80,1041C0700X,"101YM0800X,104100000X",101YM0800X,https://npiregistry.cms.hhs.gov/provider-view/1922260140
1710276779,"CHILDS, BRANDIS",DE,PRACTITIONER - CLINICAL SOCIAL WORKER,14-80,1041C0700X,101YM0800X,101YM0800X,https://npiregistry.cms.hhs.gov/provider-view/1710276779
1699105510,BEYOND THE HORIZONS CONSULTING LLC,DE,PART B SUPPLIER - CLINIC/GROUP PRACTICE,12-70,"193200000X,193400000X,261Q00000X,261QM1300X,261QP2000X",106H00000X,106H00000X,https://npiregistry.cms.hhs.gov/provider-view/1699105510
1972916815,"JMK BEHAVIOR, LLC",DE,PART B SUPPLIER - CLINIC/GROUP PRACTICE,12-70,"193200000X,193400000X,261Q00000X,261QM1300X,261QP2000X",103TM1800X,103TM1800X,https://npiregistry.cms.hhs.gov/provider-view/1972916815
1467621763,"MANAHAN, CAMERON",DE,PRACTITIONER - CLINICAL SOCIAL WORKER,14-80,1041C0700X,101Y00000X,101Y00000X,https://npiregistry.cms.hhs.gov/provider-view/1467621763
1013084805,"WILLETTS, JUDITH",DE,PRACTITIONER - CLINICAL PSYCHOLOGIST,14-68,103TC0700X,103T00000X,103T00000X,https://npiregistry.cms.hhs.gov/provider-view/1013084805
1497292338,"CANFIELD, KARA",DE,PRACTITIONER - CLINICAL SOCIAL WORKER,14-80,1041C0700X,"101YM0800X,104100000X",101YM0800X,https://npiregistry.cms.hhs.gov/provider-view/1497292338
1528493384,"DUFFY, NICOLE",DE,PRACTITIONER - CLINICAL PSYCHOLOGIST,14-68,103TC0700X,103T00000X,103T00000X,https://npiregistry.cms.hhs.gov/provider-view/1528493384
1821428046,"EDWARDS, CYNTHIA",DE,PRACTITIONER - MENTAL HEALTH COUNSELOR,14-E2,"101YM0800X,101YP2500X",101Y00000X,101Y00000X,https://npiregistry.cms.hhs.gov/provider-view/1821428046
1316135981,"ANGELO, MICHAEL",DE,PRACTITIONER - MENTAL HEALTH COUNSELOR,14-E2,"101YM0800X,101YP2500X",101YA0400X,101YA0400X,https://npiregistry.cms.hhs.gov/provider-view/1316135981
1306034814,"DEPTULA, CONSTANCE",DE,PRACTITIONER - CLINICAL SOCIAL WORKER,14-80,1041C0700X,101YM0800X,101YM0800X,https://npiregistry.cms.hhs.gov/provider-view/1306034814
1407193212,"COEN ROLLINS, MARGARET",DE,PRACTITIONER - CLINICAL SOCIAL WORKER,14-80,1041C0700X,"101Y00000X,104100000X",101Y00000X,https://npiregistry.cms.hhs.gov/provider-view/1407193212
1689793556,"KLEINER, DANIEL",DE,PRACTITIONER - CLINICAL PSYCHOLOGIST,14-68,103TC0700X,103T00000X,103T00000X,https://npiregistry.cms.hhs.gov/provider-view/1689793556
1710319629,"HERLYN, BERNHARD",DE,PRACTITIONER - CLINICAL PSYCHOLOGIST,14-68,103TC0700X,101YM0800X,101YM0800X,https://npiregistry.cms.hhs.gov/provider-view/1710319629
1366866048,"KENNEDY, MARTRICE",DE,PRACTITIONER - CLINICAL SOCIAL WORKER,14-80,1041C0700X,101YM0800X,101YM0800X,https://npiregistry.cms.hhs.gov/provider-view/1366866048
1841738176,"SCHIRVAR, WENDI",DE,PRACTITIONER - CLINICAL PSYCHOLOGIST,14-68,103TC0700X,103TC2200X,103TC2200X,https://npiregistry.cms.hhs.gov/provider-view/1841738176
1447673140,"POTTS, JENNIFER",DE,PRACTITIONER - MENTAL HEALTH COUNSELOR,14-E2,"101YM0800X,101YP2500X",101Y00000X,101Y00000X,https://npiregistry.cms.hhs.gov/provider-view/1447673140
1255842241,"MCGONIGLE, HEATHER",DE,PRACTITIONER - MENTAL HEALTH COUNSELOR,14-E2,"101YM0800X,101YP2500X",101YA0400X,101YA0400X,https://npiregistry.cms.hhs.gov/provider-view/1255842241
1073529905,"RUSSO, KAREN",DE,PRACTITIONER - CLINICAL PSYCHOLOGIST,14-68,103TC0700X,103T00000X,103T00000X,https://npiregistry.cms.hhs.gov/provider-view/1073529905
1093090474,"WILLISTON, MICHAEL",DE,PRACTITIONER - CLINICAL PSYCHOLOGIST,14-68,103TC0700X,103T00000X,103T00000X,https://npiregistry.cms.hhs.gov/provider-view/1093090474
1699861930,"HULLINGER, PEGGY",DE,PRACTITIONER - CLINICAL PSYCHOLOGIST,14-68,103TC0700X,103T00000X,103T00000X,https://npiregistry.cms.hhs.gov/provider-view/1699861930
1992730022,"TEDESCO, JENNIFER",DE,PRACTITIONER - CLINICAL PSYCHOLOGIST,14-68,103TC0700X,103T00000X,103T00000X,https://npiregistry.cms.hhs.gov/provider-view/1992730022
1114025632,"ROECKER, ELOISE",DE,PRACTITIONER - CLINICAL SOCIAL WORKER,14-80,1041C0700X,101YM0800X,101YM0800X,https://npiregistry.cms.hhs.gov/provider-view/1114025632
1275661563,"MURCH, RENEE",DE,PRACTITIONER - CLINICAL PSYCHOLOGIST,14-68,103TC0700X,103T00000X,103T00000X,https://npiregistry.cms.hhs.gov/provider-view/1275661563
1295145001,"GILES, MICHELLE",DE,PRACTITIONER - MENTAL HEALTH COUNSELOR,14-E2,"101YM0800X,101YP2500X",101YA0400X,101YA0400X,https://npiregistry.cms.hhs.gov/provider-view/1295145001
1346373206,"GONZALEZ, LISA",DE,PRACTITIONER - MENTAL HEALTH COUNSELOR,14-E2,"101YM0800X,101YP2500X",101YA0400X,101YA0400X,https://npiregistry.cms.hhs.gov/provider-view/1346373206
1386685543,"PIERSON, JUDITH",DE,PRACTITIONER - CLINICAL PSYCHOLOGIST,14-68,103TC0700X,103T00000X,103T00000X,https://npiregistry.cms.hhs.gov/provider-view/1386685543
1407013865,AKSHAR MEDICAL SERVICES LLC,DE,PART B SUPPLIER - CLINIC/GROUP PRACTICE,12-70,"193200000X,193400000X,261Q00000X,261QM1300X,261QP2000X",103G00000X,103G00000X,https://npiregistry.cms.hhs.gov/provider-view/1407013865
1174036560,"LEA, TROY",DE,PRACTITIONER - CLINICAL PSYCHOLOGIST,14-68,103TC0700X,103T00000X,103T00000X,https://npiregistry.cms.hhs.gov/provider-view/1174036560
1750831855,MBS PSYCHOTHERAPY SERVICES LLC,DE,PART B SUPPLIER - CLINIC/GROUP PRACTICE,12-70,"193200000X,193400000X,261Q00000X,261QM1300X,261QP2000X",1041C0700X,1041C0700X,https://npiregistry.cms.hhs.gov/provider-view/1750831855
1972833127,"WILLIAMS, ALICIA",DE,PRACTITIONER - CLINICAL PSYCHOLOGIST,14-68,103TC0700X,"101YP2500X,103T00000X","101YP2500X,103T00000X",https://npiregistry.cms.hhs.gov/provider-view/1972833127
1962599928,"TAUB, SANDRA",DE,PRACTITIONER - CLINICAL PSYCHOLOGIST,14-68,103TC0700X,103T00000X,103T00000X,https://npiregistry.cms.hhs.gov/provider-view/1962599928
1457400657,NORMAN BROUDY,DE,PART B SUPPLIER - CLINIC/GROUP PRACTICE,12-70,"193200000X,193400000X,261Q00000X,261QM1300X,261QP2000X","103T00000X,103TC0700X,104100000X","103T00000X,103TC0700X",https://npiregistry.cms.hhs.gov/provider-view/1457400657
1619486750,"ROBINSON-NELSON, RUTH",DE,PRACTITIONER - CLINICAL PSYCHOLOGIST,14-68,103TC0700X,103T00000X,103T00000X,https://npiregistry.cms.hhs.gov/provider-view/1619486750
1518331644,"CARUANA, JESSICA",DE,PRACTITIONER - MENTAL HEALTH COUNSELOR,14-E2,"101YM0800X,101YP2500X",101YA0400X,101YA0400X,https://npiregistry.cms.hhs.gov/provider-view/1518331644
1043489966,ODYSSEY COUNSELING PA,DE,PART B SUPPLIER - CLINIC/GROUP PRACTICE,12-70,"193200000X,193400000X,261Q00000X,261QM1300X,261QP2000X",1041C0700X,1041C0700X,https://npiregistry.cms.hhs.gov/provider-view/1043489966
1548664295,CENTER FOR CONSCIOUS HEALING,DE,PART B SUPPLIER - CLINIC/GROUP PRACTICE,12-70,"193200000X,193400000X,261Q00000X,261QM1300X,261QP2000X","103TC0700X,103TC2200X,103TP2701X,1041C0700X,106H00000X","103TC0700X,103TC2200X,103TP2701X,1041C0700X,106H00000X",https://npiregistry.cms.hhs.gov/provider-view/1548664295
1538178975,"IGNELZI FERRARO, DONNA",DE,PRACTITIONER - CLINICAL PSYCHOLOGIST,14-68,103TC0700X,103T00000X,103T00000X,https://npiregistry.cms.hhs.gov/provider-view/1538178975
1184816597,"MUKHTAR, BERJEES",DE,PRACTITIONER - PSYCHIATRY,14-26,"2084P0301X,2084P0800X","101YP2500X,390200000X",101YP2500X,https://npiregistry.cms.hhs.gov/provider-view/1184816597
1063946986,"MASSEY, KIMBERLY",DE,PRACTITIONER - CLINICAL SOCIAL WORKER,14-80,1041C0700X,101YM0800X,101YM0800X,https://npiregistry.cms.hhs.gov/provider-view/1063946986
1861581845,"WEISS, CHERIE",DE,PRACTITIONER - CLINICAL PSYCHOLOGIST,14-68,103TC0700X,103TC1900X,103TC1900X,https://npiregistry.cms.hhs.gov/provider-view/1861581845
1184916694,"LORENZ, REBECCA",DE,PRACTITIONER - CLINICAL SOCIAL WORKER,14-80,1041C0700X,101YA0400X,101YA0400X,https://npiregistry.cms.hhs.gov/provider-view/1184916694
1629084470,F.H. EVERETT & ASSOC. INC,DE,PART B SUPPLIER - CLINIC/GROUP PRACTICE,12-70,"193200000X,193400000X,261Q00000X,261QM1300X,261QP2000X",1041C0700X,1041C0700X,https://npiregistry.cms.hhs.gov/provider-view/1629084470
1205816907,"UVEGES, JOHN",DE,PRACTITIONER - CLINICAL PSYCHOLOGIST,14-68,103TC0700X,"103T00000X,103TB0200X","103T00000X,103TB0200X",https://npiregistry.cms.hhs.gov/provider-view/1205816907
1629474770,HEALTHY MINDS OF DELAWARE LLC,DE,PART B SUPPLIER - CLINIC/GROUP PRACTICE,12-70,"193200000X,193400000X,261Q00000X,261QM1300X,261QP2000X",1041C0700X,1041C0700X,https://npiregistry.cms.hhs.gov/provider-view/1629474770
1982640041,"ASTHANA, MANJUL",DE,PRACTITIONER - CLINICAL PSYCHOLOGIST,14-68,103TC0700X,103T00000X,103T00000X,https://npiregistry.cms.hhs.gov/provider-view/1982640041
1063462661,ALLIED BEHAVIORAL HEALTH INC,DE,PART B SUPPLIER - CLINIC/GROUP PRACTICE,12-70,"193200000X,193400000X,261Q00000X,261QM1300X,261QP2000X",1041C0700X,1041C0700X,https://npiregistry.cms.hhs.gov/provider-view/1063462661
1760699458,"WEBB, CHARLES",DE,PRACTITIONER - CLINICAL PSYCHOLOGIST,14-68,103TC0700X,103T00000X,103T00000X,https://npiregistry.cms.hhs.gov/provider-view/1760699458
1679753578,MARK P CARNEY PSYD INC,DE,PART B SUPPLIER - CLINIC/GROUP PRACTICE,12-70,"193200000X,193400000X,261Q00000X,261QM1300X,261QP2000X",103TC1900X,103TC1900X,https://npiregistry.cms.hhs.gov/provider-view/1679753578
1427398981,"LEMONS, MELISSA",DE,PRACTITIONER - MENTAL HEALTH COUNSELOR,14-E2,"101YM0800X,101YP2500X",101Y00000X,101Y00000X,https://npiregistry.cms.hhs.gov/provider-view/1427398981
1780921924,"ANDERTON, GRETCHEN",DE,PRACTITIONER - CLINICAL SOCIAL WORKER,14-80,1041C0700X,101YM0800X,101YM0800X,https://npiregistry.cms.hhs.gov/provider-view/1780921924
1841525359,"VOGL, CHERYL",DE,PRACTITIONER - MENTAL HEALTH COUNSELOR,14-E2,"101YM0800X,101YP2500X",101YA0400X,101YA0400X,https://npiregistry.cms.hhs.gov/provider-view/1841525359
1073035754,"FISHBEIN, WILLIAM",DE,PRACTITIONER - CLINICAL PSYCHOLOGIST,14-68,103TC0700X,103TC1900X,103TC1900X,https://npiregistry.cms.hhs.gov/provider-view/1073035754
1346497880,"STOKES, DEBORAH",DE,PRACTITIONER - CLINICAL PSYCHOLOGIST,14-68,103TC0700X,"101YP2500X,103TH0004X","101YP2500X,103TH0004X",https://npiregistry.cms.hhs.gov/provider-view/1346497880
1679630164,"COASTAL THERAPEUTIC SERVICES, LLC",DE,PART B SUPPLIER - CLINIC/GROUP PRACTICE,12-70,"193200000X,193400000X,261Q00000X,261QM1300X,261QP2000X",1041C0700X,1041C0700X,https://npiregistry.cms.hhs.gov/provider-view/1679630164
1861463531,"GERACE, GARY",DE,PRACTITIONER - CLINICAL PSYCHOLOGIST,14-68,103TC0700X,103T00000X,103T00000X,https://npiregistry.cms.hhs.gov/provider-view/1861463531
1003329319,"MADDOX, JAZMINE",DE,PRACTITIONER - CLINICAL SOCIAL WORKER,14-80,1041C0700X,101YM0800X,101YM0800X,https://npiregistry.cms.hhs.gov/provider-view/1003329319
1447686423,HENRY N COFFIELD,DE,PART B SUPPLIER - CLINIC/GROUP PRACTICE,12-70,"193200000X,193400000X,261Q00000X,261QM1300X,261QP2000X","101Y00000X,101YA0400X,101YM0800X,101YP2500X,106H00000X","101Y00000X,101YA0400X,101YM0800X,101YP2500X,106H00000X",https://npiregistry.cms.hhs.gov/provider-view/1447686423
1003386707,GOODNIGHTS COUNSELING LLC,DE,PART B SUPPLIER - CLINIC/GROUP PRACTICE,12-70,"193200000X,193400000X,261Q00000X,261QM1300X,261QP2000X",1041C0700X,1041C0700X,https://npiregistry.cms.hhs.gov/provider-view/1003386707
1831102326,"BRONSON, MARY",DE,PRACTITIONER - CLINICAL PSYCHOLOGIST,14-68,103TC0700X,103T00000X,103T00000X,https://npiregistry.cms.hhs.gov/provider-view/1831102326
1689021925,HEALING PATHWAYS COUNSELING AND CONSULTING SERVICES LLC,DE,PART B SUPPLIER - CLINIC/GROUP PRACTICE,12-70,"193200000X,193400000X,261Q00000X,261QM1300X,261QP2000X","101YP2500X,251S00000X",101YP2500X,https://npiregistry.cms.hhs.gov/provider-view/1689021925
1598031031,"BAKARE, OLUSHOLA",DE,PRACTITIONER - MARRIAGE AND FAMILY THERAPIST,14-E1,106H00000X,101YM0800X,101YM0800X,https://npiregistry.cms.hhs.gov/provider-view/1598031031
1962909499,MIND MECHANIX LLC,DE,PART B SUPPLIER - CLINIC/GROUP PRACTICE,12-70,"193200000X,193400000X,261Q00000X,261QM1300X,261QP2000X","101YA0400X,104100000X,1041C0700X","101YA0400X,1041C0700X",https://npiregistry.cms.hhs.gov/provider-view/1962909499
1033106323,"KNAUER KING, SANDRA",DE,PRACTITIONER - CLINICAL SOCIAL WORKER,14-80,1041C0700X,101YM0800X,101YM0800X,https://npiregistry.cms.hhs.gov/provider-view/1033106323
1871719872,"MID-ATLANTIC BEHAVIORAL HEALTH, LLC",DE,PART B SUPPLIER - CLINIC/GROUP PRACTICE,12-70,"193200000X,193400000X,261Q00000X,261QM1300X,261QP2000X","101YA0400X,101YM0800X,103TC0700X,103TF0000X,103TF0200X+3","101YA0400X,101YM0800X,103TC0700X,103TF0000X,103TF0200X,103TM1800X,103TP2701X,103TS0200X",https://npiregistry.cms.hhs.gov/provider-view/1871719872
1093966574,"MCGLINN, CHRISTOPHER",DE,PRACTITIONER - CLINICAL PSYCHOLOGIST,14-68,103TC0700X,103T00000X,103T00000X,https://npiregistry.cms.hhs.gov/provider-view/1093966574
1053546747,"ROBUST, KRISTEN",DE,PRACTITIONER - CLINICAL PSYCHOLOGIST,14-68,103TC0700X,"103T00000X,103TC2200X","103T00000X,103TC2200X",https://npiregistry.cms.hhs.gov/provider-view/1053546747
1881115236,"LAVENDER CONSULTING AND COUNSELING SERVICES, LLC",DE,PART B SUPPLIER - CLINIC/GROUP PRACTICE,12-70,"193200000X,193400000X,261Q00000X,261QM1300X,261QP2000X",1041C0700X,1041C0700X,https://npiregistry.cms.hhs.gov/provider-view/1881115236
1972604890,"BRAUN, LISA",DE,PRACTITIONER - CLINICAL PSYCHOLOGIST,14-68,103TC0700X,103T00000X,103T00000X,https://npiregistry.cms.hhs.gov/provider-view/1972604890
1730634452,"FRITZGES-WHITE, JESSICA",DE,PRACTITIONER - CLINICAL PSYCHOLOGIST,14-68,103TC0700X,103T00000X,103T00000X,https://npiregistry.cms.hhs.gov/provider-view/1730634452
1659517928,"RISKO, KATHLEEN",DE,PRACTITIONER - CLINICAL SOCIAL WORKER,14-80,1041C0700X,101YA0400X,101YA0400X,https://npiregistry.cms.hhs.gov/provider-view/1659517928
1598741100,"SCHWARTZ, ALAN",DE,PRACTITIONER - CLINICAL PSYCHOLOGIST,14-68,103TC0700X,103T00000X,103T00000X,https://npiregistry.cms.hhs.gov/provider-view/1598741100
1942367602,"BAYLIN, JONATHAN",DE,PRACTITIONER - CLINICAL PSYCHOLOGIST,14-68,103TC0700X,103T00000X,103T00000X,https://npiregistry.cms.hhs.gov/provider-view/1942367602
1417468794,"VARAMO, JILLIAN",DE,PRACTITIONER - CLINICAL SOCIAL WORKER,14-80,1041C0700X,101YM0800X,101YM0800X,https://npiregistry.cms.hhs.gov/provider-view/1417468794
1063930956,DIANE NECASTRO LCSW LLC,DE,PART B SUPPLIER - CLINIC/GROUP PRACTICE,12-70,"193200000X,193400000X,261Q00000X,261QM1300X,261QP2000X",1041C0700X,1041C0700X,https://npiregistry.cms.hhs.gov/provider-view/1063930956
1457491656,ATLANTIC PSYCH ASSOCIATES LLC,DE,PART B SUPPLIER - CLINIC/GROUP PRACTICE,12-70,"193200000X,193400000X,261Q00000X,261QM1300X,261QP2000X","103T00000X,103TC0700X,2084P0800X","103T00000X,103TC0700X",https://npiregistry.cms.hhs.gov/provider-view/1457491656
1699145854,"MENTAL EDGE COUNSELING, LLC",DE,PART B SUPPLIER - CLINIC/GROUP PRACTICE,12-70,"193200000X,193400000X,261Q00000X,261QM1300X,261QP2000X","101YM0800X,101YP2500X","101YM0800X,101YP2500X",https://npiregistry.cms.hhs.gov/provider-view/1699145854
1124179981,CHRISTIANA COUNSELING AND PSYCHIATRIC ASSOCIATES INC,DE,PART B SUPPLIER - CLINIC/GROUP PRACTICE,12-70,"193200000X,193400000X,261Q00000X,261QM1300X,261QP2000X",101YM0800X,101YM0800X,https://npiregistry.cms.hhs.gov/provider-view/1124179981
1437481488,"DORMAN, MIA",DE,PRACTITIONER - CLINICAL SOCIAL WORKER,14-80,1041C0700X,101YA0400X,101YA0400X,https://npiregistry.cms.hhs.gov/provider-view/1437481488
1194892216,"RUOFF, MITCHELL",DE,PRACTITIONER - CLINICAL PSYCHOLOGIST,14-68,103TC0700X,103T00000X,103T00000X,https://npiregistry.cms.hhs.gov/provider-view/1194892216
1881115863,"PIERCE, KATHRYN",DE,PRACTITIONER - CLINICAL PSYCHOLOGIST,14-68,103TC0700X,103T00000X,103T00000X,https://npiregistry.cms.hhs.gov/provider-view/1881115863
1851482939,"HOME FOR AGED WOMEN, INC.",DE,PART A PROVIDER - SKILLED NURSING FACILITY,00-18,"207W00000X,207WX0009X,207WX0107X,207WX0109X,207WX0110X+2","103TA0700X,313M00000X,314000000X",103TA0700X,https://npiregistry.cms.hhs.gov/provider-view/1851482939
1356742647,CAMDEN COUNSELING,DE,PART B SUPPLIER - CLINIC/GROUP PRACTICE,12-70,"193200000X,193400000X,261Q00000X,261QM1300X,261QP2000X",1041C0700X,1041C0700X,https://npiregistry.cms.hhs.gov/provider-view/1356742647
1932550027,INTEGRATIVE PSYCHOLOGY GROUP LLC,DE,PART B SUPPLIER - CLINIC/GROUP PRACTICE,12-70,"193200000X,193400000X,261Q00000X,261QM1300X,261QP2000X",103T00000X,103T00000X,https://npiregistry.cms.hhs.gov/provider-view/1932550027
1700914728,"WINTER, MARCIA",DE,PRACTITIONER - MENTAL HEALTH COUNSELOR,14-E2,"101YM0800X,101YP2500X",101Y00000X,101Y00000X,https://npiregistry.cms.hhs.gov/provider-view/1700914728
1417056136,"HEISLER, BARBARA",DE,PRACTITIONER - CLINICAL PSYCHOLOGIST,14-68,103TC0700X,"103T00000X,103TA0700X,103TB0200X,103TC1900X,103TC2200X+1","103T00000X,103TA0700X,103TB0200X,103TC1900X,103TC2200X,103TF0000X",https://npiregistry.cms.hhs.gov/provider-view/1417056136
1063921047,ADDICTION MEDICAL FACILITY LLC,DE,PART B SUPPLIER - OPIOID TREATMENT PROGRAM (OTP),12-D5,261QR0405X,"101YA0400X,324500000X",101YA0400X,https://npiregistry.cms.hhs.gov/provider-view/1063921047
1609183995,"EVANS, KEEGAN",DE,PRACTITIONER - CLINICAL SOCIAL WORKER,14-80,1041C0700X,101Y00000X,101Y00000X,https://npiregistry.cms.hhs.gov/provider-view/1609183995
1417300773,FOCUS BEHAVIORAL HEALTH AT THE BEACH LP,DE,PART B SUPPLIER - CLINIC/GROUP PRACTICE,12-70,"193200000X,193400000X,261Q00000X,261QM1300X,261QP2000X",103TC1900X,103TC1900X,https://npiregistry.cms.hhs.gov/provider-view/1417300773
1780092528,ANEW MENTAL HEALTH,DE,PART B SUPPLIER - CLINIC/GROUP PRACTICE,12-70,"193200000X,193400000X,261Q00000X,261QM1300X,261QP2000X",101YM0800X,101YM0800X,https://npiregistry.cms.hhs.gov/provider-view/1780092528
1073616678,"BRIDGE COUNSELING AND THERAPY CENTER, LLC",DE,PART B SUPPLIER - CLINIC/GROUP PRACTICE,12-70,"193200000X,193400000X,261Q00000X,261QM1300X,261QP2000X",1041C0700X,1041C0700X,https://npiregistry.cms.hhs.gov/provider-view/1073616678
1538313242,"KHALID-JANNEY, MAIDAH",DE,PRACTITIONER - CLINICAL PSYCHOLOGIST,14-68,103TC0700X,101YM0800X,101YM0800X,https://npiregistry.cms.hhs.gov/provider-view/1538313242
1144786302,CHRISTINA L TAYLOR LLC,DE,PART B SUPPLIER - CLINIC/GROUP PRACTICE,12-70,"193200000X,193400000X,261Q00000X,261QM1300X,261QP2000X",101YM0800X,101YM0800X,https://npiregistry.cms.hhs.gov/provider-view/1144786302
1629123294,"MCINERNEY, FRANCES",DE,PRACTITIONER - CLINICAL PSYCHOLOGIST,14-68,103TC0700X,103T00000X,103T00000X,https://npiregistry.cms.hhs.gov/provider-view/1629123294
1174676530,"O CONNOR, KELLY",DE,PRACTITIONER - MENTAL HEALTH COUNSELOR,14-E2,"101YM0800X,101YP2500X",101YA0400X,101YA0400X,https://npiregistry.cms.hhs.gov/provider-view/1174676530
1427511575,"DIXON, JANICE",DE,PRACTITIONER - MENTAL HEALTH COUNSELOR,14-E2,"101YM0800X,101YP2500X",101Y00000X,101Y00000X,https://npiregistry.cms.hhs.gov/provider-view/1427511575
1790763845,"GREENWOOD, LEAH",DE,PRACTITIONER - CLINICAL PSYCHOLOGIST,14-68,103TC0700X,103T00000X,103T00000X,https://npiregistry.cms.hhs.gov/provider-view/1790763845
1437678018,"HOWREY, HILLARY",DE,PRACTITIONER - CLINICAL PSYCHOLOGIST,14-68,103TC0700X,103T00000X,103T00000X,https://npiregistry.cms.hhs.gov/provider-view/1437678018
1134428295,"FAMILY COUNSELING CENTER OF ST. PAUL'S, INC.",DE,PART B SUPPLIER - CLINIC/GROUP PRACTICE,12-70,"193200000X,193400000X,261Q00000X,261QM1300X,261QP2000X","101Y00000X,101YM0800X,103TC1900X,103TF0000X","101Y00000X,101YM0800X,103TC1900X,103TF0000X",https://npiregistry.cms.hhs.gov/provider-view/1134428295
1497134100,REBECCA SMOLAK-KETTLEHAKE PSY D LLC,DE,PART B SUPPLIER - CLINIC/GROUP PRACTICE,12-70,"193200000X,193400000X,261Q00000X,261QM1300X,261QP2000X",103TC0700X,103TC0700X,https://npiregistry.cms.hhs.gov/provider-view/1497134100
1275781858,"TAN-HAASE, KELLY",DE,PRACTITIONER - CLINICAL PSYCHOLOGIST,14-68,103TC0700X,103T00000X,103T00000X,https://npiregistry.cms.hhs.gov/provider-view/1275781858
1275050296,A WINDOW TO WELLNESS LLC,DE,PART B SUPPLIER - CLINIC/GROUP PRACTICE,12-70,"193200000X,193400000X,261Q00000X,261QM1300X,261QP2000X","101YM0800X,1041C0700X,363LP0808X","101YM0800X,1041C0700X",https://npiregistry.cms.hhs.gov/provider-view/1275050296
1255407698,PIKE CREEK PSYCHOLOGICAL CENTER,DE,PART B SUPPLIER - CLINIC/GROUP PRACTICE,12-70,"193200000X,193400000X,261Q00000X,261QM1300X,261QP2000X","101YM0800X,103T00000X,104100000X,225700000X","101YM0800X,103T00000X",https://npiregistry.cms.hhs.gov/provider-view/1255407698
1386044964,"URBAN, MICHAEL",DE,PRACTITIONER - CLINICAL SOCIAL WORKER,14-80,1041C0700X,101YM0800X,101YM0800X,https://npiregistry.cms.hhs.gov/provider-view/1386044964
1518064989,"KAUT, KEITH",DE,PRACTITIONER - MENTAL HEALTH COUNSELOR,14-E2,"101YM0800X,101YP2500X",101Y00000X,101Y00000X,https://npiregistry.cms.hhs.gov/provider-view/1518064989
1588823298,"SMITH, ARKAVA",DE,PRACTITIONER - MENTAL HEALTH COUNSELOR,14-E2,"101YM0800X,101YP2500X",101Y00000X,101Y00000X,https://npiregistry.cms.hhs.gov/provider-view/1588823298
1205144060,"FIELDS, SHARIYFA",DE,PRACTITIONER - CLINICAL SOCIAL WORKER,14-80,1041C0700X,101YA0400X,101YA0400X,https://npiregistry.cms.hhs.gov/provider-view/1205144060
1063747764,"ALLEN, RICHARD",DE,PRACTITIONER - CLINICAL PSYCHOLOGIST,14-68,103TC0700X,103K00000X,103K00000X,https://npiregistry.cms.hhs.gov/provider-view/1063747764
1447498050,"GEHRET, KATHRYN",DE,PRACTITIONER - CLINICAL SOCIAL WORKER,14-80,1041C0700X,101YP2500X,101YP2500X,https://npiregistry.cms.hhs.gov/provider-view/1447498050
1699745448,"AMERICAN HOMEPATIENT, INC",DE,DME SUPPLIER - MEDICAL SUPPLY COMPANY,30-54,332B00000X,"103TH0100X,332BP3500X,332BX2000X",103TH0100X,https://npiregistry.cms.hhs.gov/provider-view/1699745448
1396836128,"DALRYMPLE, DEBORAH",DE,PRACTITIONER - CLINICAL SOCIAL WORKER,14-80,1041C0700X,101YM0800X,101YM0800X,https://npiregistry.cms.hhs.gov/provider-view/1396836128
1588915698,RECOVERY INNOVATIONS INC,DE,PART B SUPPLIER - CLINIC/GROUP PRACTICE,12-70,"193200000X,193400000X,261Q00000X,261QM1300X,261QP2000X",101YM0800X,101YM0800X,https://npiregistry.cms.hhs.gov/provider-view/1588915698
1245371723,"MCCANDIES, TERRY",DE,PRACTITIONER - CLINICAL PSYCHOLOGIST,14-68,103TC0700X,103T00000X,103T00000X,https://npiregistry.cms.hhs.gov/provider-view/1245371723
1306970520,"MORRIS, ADA",DE,PRACTITIONER - CLINICAL SOCIAL WORKER,14-80,1041C0700X,101YA0400X,101YA0400X,https://npiregistry.cms.hhs.gov/provider-view/1306970520
1376013623,EMOTIONAL WELLNESS COUNSELING LLC,DE,PART B SUPPLIER - CLINIC/GROUP PRACTICE,12-70,"193200000X,193400000X,261Q00000X,261QM1300X,261QP2000X",1041C0700X,1041C0700X,https://npiregistry.cms.hhs.gov/provider-view/1376013623
1184777872,"MATZEDER, MARY",DE,PRACTITIONER - CLINICAL PSYCHOLOGIST,14-68,103TC0700X,103T00000X,103T00000X,https://npiregistry.cms.hhs.gov/provider-view/1184777872
1982776324,"DETTWYLER, JOHN",DE,PRACTITIONER - CLINICAL PSYCHOLOGIST,14-68,103TC0700X,103T00000X,103T00000X,https://npiregistry.cms.hhs.gov/provider-view/1982776324
1215241856,TONI M BALLAS ROWE INC,DE,PART B SUPPLIER - CLINIC/GROUP PRACTICE,12-70,"193200000X,193400000X,261Q00000X,261QM1300X,261QP2000X",1041C0700X,1041C0700X,https://npiregistry.cms.hhs.gov/provider-view/1215241856
1578051967,"L. MARTIN HEALTH, INC.",DE,PART B SUPPLIER - CLINIC/GROUP PRACTICE,12-70,"193200000X,193400000X,261Q00000X,261QM1300X,261QP2000X",103T00000X,103T00000X,https://npiregistry.cms.hhs.gov/provider-view/1578051967
1528586815,HOPES HELPING HANDS LLC,DE,PART B SUPPLIER - CLINIC/GROUP PRACTICE,12-70,"193200000X,193400000X,261Q00000X,261QM1300X,261QP2000X",101YP2500X,101YP2500X,https://npiregistry.cms.hhs.gov/provider-view/1528586815
1881958296,"BOYE, JENNIFER",DE,ORDER AND REFERRING ONLY - CLINICAL PSYCHOLOGIST,33-68,103TC0700X,103T00000X,103T00000X,https://npiregistry.cms.hhs.gov/provider-view/1881958296
1528444858,"WILSON, GREGORY",DE,PRACTITIONER - CLINICAL SOCIAL WORKER,14-80,1041C0700X,"101Y00000X,101YA0400X,101YM0800X,104100000X","101Y00000X,101YA0400X,101YM0800X",https://npiregistry.cms.hhs.gov/provider-view/1528444858
1699195677,"KOVARCIK, PAULA",DE,PRACTITIONER - MENTAL HEALTH COUNSELOR,14-E2,"101YM0800X,101YP2500X",101YA0400X,101YA0400X,https://npiregistry.cms.hhs.gov/provider-view/1699195677
1710216338,"BROWN, NATASHIA",DE,PRACTITIONER - CLINICAL PSYCHOLOGIST,14-68,103TC0700X,103T00000X,103T00000X,https://npiregistry.cms.hhs.gov/provider-view/1710216338
1922469022,"STEGER, TRESINA",DE,PRACTITIONER - MENTAL HEALTH COUNSELOR,14-E2,"101YM0800X,101YP2500X","101Y00000X,174400000X,225400000X,225C00000X,247200000X+4",101Y00000X,https://npiregistry.cms.hhs.gov/provider-view/1922469022
1215181300,THRIVE COUNSELING LLC,DE,PART B SUPPLIER - CLINIC/GROUP PRACTICE,12-70,"193200000X,193400000X,261Q00000X,261QM1300X,261QP2000X",101YM0800X,101YM0800X,https://npiregistry.cms.hhs.gov/provider-view/1215181300
1932543410,JUDIE RILEY LCSW LLC,DE,PART B SUPPLIER - CLINIC/GROUP PRACTICE,12-70,"193200000X,193400000X,261Q00000X,261QM1300X,261QP2000X",1041C0700X,1041C0700X,https://npiregistry.cms.hhs.gov/provider-view/1932543410
1710450812,"ALDERFER, ABIGAIL",DE,PRACTITIONER - CLINICAL SOCIAL WORKER,14-80,1041C0700X,"101Y00000X,101YM0800X","101Y00000X,101YM0800X",https://npiregistry.cms.hhs.gov/provider-view/1710450812
1750303368,"PSYCHOLOGY & COUNSELING ASSOCIATES, PC",DE,PART B SUPPLIER - CLINIC/GROUP PRACTICE,12-70,"193200000X,193400000X,261Q00000X,261QM1300X,261QP2000X",103TC0700X,103TC0700X,https://npiregistry.cms.hhs.gov/provider-view/1750303368
1174074751,"CIELTO-BUSI, DEBORAH",DE,PRACTITIONER - CLINICAL SOCIAL WORKER,14-80,1041C0700X,101YM0800X,101YM0800X,https://npiregistry.cms.hhs.gov/provider-view/1174074751
1316456809,MILESTONES CONSULTANTS LLC,DE,PART B SUPPLIER - CLINIC/GROUP PRACTICE,12-70,"193200000X,193400000X,261Q00000X,261QM1300X,261QP2000X",101YP2500X,101YP2500X,https://npiregistry.cms.hhs.gov/provider-view/1316456809
1134286016,"FISHER, IRENE",DE,PRACTITIONER - CLINICAL PSYCHOLOGIST,14-68,103TC0700X,103TR0400X,103TR0400X,https://npiregistry.cms.hhs.gov/provider-view/1134286016
1821423492,"CHERRY, KATHLEEN",DE,PRACTITIONER - CLINICAL PSYCHOLOGIST,14-68,103TC0700X,103T00000X,103T00000X,https://npiregistry.cms.hhs.gov/provider-view/1821423492
1518265487,"COFFIELD, HENRY",DE,PRACTITIONER - NURSE PRACTITIONER,14-50,"363L00000X,363LA2100X,363LA2200X,363LC0200X,363LC1500X+13","101YA0400X,101YM0800X","101YA0400X,101YM0800X",https://npiregistry.cms.hhs.gov/provider-view/1518265487
1093001273,"LAVERY, MEGAN",DE,PRACTITIONER - CLINICAL PSYCHOLOGIST,14-68,103TC0700X,103T00000X,103T00000X,https://npiregistry.cms.hhs.gov/provider-view/1093001273
1013206861,"FORD, MIA",DE,PRACTITIONER - CLINICAL SOCIAL WORKER,14-80,1041C0700X,"101YM0800X,104100000X,171M00000X",101YM0800X,https://npiregistry.cms.hhs.gov/provider-view/1013206861
1659380087,COASTAL PSYCHOLOGY AND EDUCATION ASSOCIATES LLC,DE,PART B SUPPLIER - CLINIC/GROUP PRACTICE,12-70,"193200000X,193400000X,261Q00000X,261QM1300X,261QP2000X",103T00000X,103T00000X,https://npiregistry.cms.hhs.gov/provider-view/1659380087
1831574946,"NOEDER, MAIA",DE,PRACTITIONER - CLINICAL PSYCHOLOGIST,14-68,103TC0700X,103TC2200X,103TC2200X,https://npiregistry.cms.hhs.gov/provider-view/1831574946
1457362303,JEWISH FAMILY SERVICES OF DELAWARE,DE,PART B SUPPLIER - CLINIC/GROUP PRACTICE,12-70,"193200000X,193400000X,261Q00000X,261QM1300X,261QP2000X",1041C0700X,1041C0700X,https://npiregistry.cms.hhs.gov/provider-view/1457362303
1154840734,"LUCIEN, JANET",DE,PRACTITIONER - MENTAL HEALTH COUNSELOR,14-E2,"101YM0800X,101YP2500X",101Y00000X,101Y00000X,https://npiregistry.cms.hhs.gov/provider-view/1154840734
1205050127,"MCMILLAN, KAREN",DE,PRACTITIONER - CLINICAL SOCIAL WORKER,14-80,1041C0700X,101YA0400X,101YA0400X,https://npiregistry.cms.hhs.gov/provider-view/1205050127
1114468055,PRESENT CENTER FOR MINDFULNESS,DE,PART B SUPPLIER - CLINIC/GROUP PRACTICE,12-70,"193200000X,193400000X,261Q00000X,261QM1300X,261QP2000X",103TC0700X,103TC0700X,https://npiregistry.cms.hhs.gov/provider-view/1114468055
1558708065,PIKE CREEK COUNSELING,DE,PART B SUPPLIER - CLINIC/GROUP PRACTICE,12-70,"193200000X,193400000X,261Q00000X,261QM1300X,261QP2000X",103TC0700X,103TC0700X,https://npiregistry.cms.hhs.gov/provider-view/1558708065
1629468780,"MOORE, SHASHONNA",DE,PRACTITIONER - MENTAL HEALTH COUNSELOR,14-E2,"101YM0800X,101YP2500X",101Y00000X,101Y00000X,https://npiregistry.cms.hhs.gov/provider-view/1629468780
1760854442,SONDERMIND PROVIDER NETWORK LLC,DE,PART B SUPPLIER - CLINIC/GROUP PRACTICE,12-70,"193200000X,193400000X,261Q00000X,261QM1300X,261QP2000X",1041C0700X,1041C0700X,https://npiregistry.cms.hhs.gov/provider-view/1760854442
1285732693,"EPPS, SUSAN",DE,PRACTITIONER - CLINICAL PSYCHOLOGIST,14-68,103TC0700X,103T00000X,103T00000X,https://npiregistry.cms.hhs.gov/provider-view/1285732693
1891184818,"MCINDOE, MARY",DE,PRACTITIONER - MENTAL HEALTH COUNSELOR,14-E2,"101YM0800X,101YP2500X",101Y00000X,101Y00000X,https://npiregistry.cms.hhs.gov/provider-view/1891184818
1356839039,ARLENE WEISMAN INC,DE,PART B SUPPLIER - CLINIC/GROUP PRACTICE,12-70,"193200000X,193400000X,261Q00000X,261QM1300X,261QP2000X",1041C0700X,1041C0700X,https://npiregistry.cms.hhs.gov/provider-view/1356839039
1326291154,"MCINERNEY, KATHLEEN",DE,PRACTITIONER - MENTAL HEALTH COUNSELOR,14-E2,"101YM0800X,101YP2500X",101YA0400X,101YA0400X,https://npiregistry.cms.hhs.gov/provider-view/1326291154
1174931448,DOCTOR ON DEMAND PROFESSIONALS P C,DE,PART B SUPPLIER - CLINIC/GROUP PRACTICE | PART B SUPPLIER - OTHER,"12-70,12-87","193200000X,193400000X,261Q00000X,261QM1300X,261QP2000X","101Y00000X,207Q00000X",101Y00000X,https://npiregistry.cms.hhs.gov/provider-view/1174931448
1194201806,"DAVIS SHADE, ERIKA",DE,PRACTITIONER - MENTAL HEALTH COUNSELOR,14-E2,"101YM0800X,101YP2500X",101Y00000X,101Y00000X,https://npiregistry.cms.hhs.gov/provider-view/1194201806
1891148425,"HILL, AMBER",DE,PRACTITIONER - CLINICAL SOCIAL WORKER,14-80,1041C0700X,"101YM0800X,104100000X",101YM0800X,https://npiregistry.cms.hhs.gov/provider-view/1891148425
1669459343,"COLEMAN, DENISE",DE,PRACTITIONER - CLINICAL SOCIAL WORKER,14-80,1041C0700X,101YM0800X,101YM0800X,https://npiregistry.cms.hhs.gov/provider-view/1669459343
1720419120,"CENTRELLA, JULIA",DE,PRACTITIONER - CLINICAL PSYCHOLOGIST,14-68,103TC0700X,103T00000X,103T00000X,https://npiregistry.cms.hhs.gov/provider-view/1720419120
1730622648,TALK WITH TWILA MINISTRIES LLC,DE,PART B SUPPLIER - CLINIC/GROUP PRACTICE,12-70,"193200000X,193400000X,261Q00000X,261QM1300X,261QP2000X",101YM0800X,101YM0800X,https://npiregistry.cms.hhs.gov/provider-view/1730622648
1639593700,"GREGORY, JENNIFER",DE,PRACTITIONER - CLINICAL SOCIAL WORKER,14-80,1041C0700X,101YA0400X,101YA0400X,https://npiregistry.cms.hhs.gov/provider-view/1639593700
1316312754,"WELLSPRING EMOTIONAL HEALTH, LLC",DE,PART B SUPPLIER - CLINIC/GROUP PRACTICE,12-70,"193200000X,193400000X,261Q00000X,261QM1300X,261QP2000X",1041C0700X,1041C0700X,https://npiregistry.cms.hhs.gov/provider-view/1316312754
1376955393,"SERRAVALLE, ANGELA",DE,PRACTITIONER - PSYCHOLOGIST BILLING INDEPENDENTLY,14-62,"103T00000X,103TA0400X,103TA0700X,103TB0200X,103TC0700X+19",101YP2500X,101YP2500X,https://npiregistry.cms.hhs.gov/provider-view/1376955393
1699034553,"STEPHEN DIJULIO, PHD, LLC",DE,PART B SUPPLIER - CLINIC/GROUP PRACTICE,12-70,"193200000X,193400000X,261Q00000X,261QM1300X,261QP2000X",103TC0700X,103TC0700X,https://npiregistry.cms.hhs.gov/provider-view/1699034553
1477895043,SUPPORTIVE CARE LLC,DE,PART B SUPPLIER - CLINIC/GROUP PRACTICE,12-70,"193200000X,193400000X,261Q00000X,261QM1300X,261QP2000X",103TC0700X,103TC0700X,https://npiregistry.cms.hhs.gov/provider-view/1477895043
1902356025,LIFE SPAN DEVELOPMENT CENTER,DE,PART B SUPPLIER - CLINIC/GROUP PRACTICE,12-70,"193200000X,193400000X,261Q00000X,261QM1300X,261QP2000X",1041C0700X,1041C0700X,https://npiregistry.cms.hhs.gov/provider-view/1902356025
1891183547,GRACE PESIKEY INC,DE,PART B SUPPLIER - CLINIC/GROUP PRACTICE,12-70,"193200000X,193400000X,261Q00000X,261QM1300X,261QP2000X",1041C0700X,1041C0700X,https://npiregistry.cms.hhs.gov/provider-view/1891183547
1174069421,"MARLOWE, MCKINLEY",DE,PRACTITIONER - PHYSICIAN ASSISTANT,14-97,"363A00000X,363AM0700X,363AS0400X",101Y00000X,101Y00000X,https://npiregistry.cms.hhs.gov/provider-view/1174069421
1184109316,TURNING CORNERS INC,DE,PART B SUPPLIER - CLINIC/GROUP PRACTICE,12-70,"193200000X,193400000X,261Q00000X,261QM1300X,261QP2000X",101YM0800X,101YM0800X,https://npiregistry.cms.hhs.gov/provider-view/1184109316
1588817969,"ELKO, CYNTHIA",DE,PRACTITIONER - CLINICAL PSYCHOLOGIST,14-68,103TC0700X,103T00000X,103T00000X,https://npiregistry.cms.hhs.gov/provider-view/1588817969
1740329564,"HOIER, ANNA",DE,PRACTITIONER - CLINICAL PSYCHOLOGIST,14-68,103TC0700X,"103G00000X,103T00000X","103G00000X,103T00000X",https://npiregistry.cms.hhs.gov/provider-view/1740329564
