npi,name,this_state,other_states,enrollment_count,provider_types,nppes_lookup_url
1083491906,RADIOLOGY ASSOCIATES OF SOUTH CAROLINA LLC,VI,"AL,AZ,CA,CO,DC,FL,GA,HI,IA,IL,IN,KY,LA,MA,MD,MI,MN,MO,NC,NH,NJ,NM,NV,NY,OH,PA,PR,RI,SC,TN,TX,VA,WA,WI",35,PART B SUPPLIER - CLINIC/GROUP PRACTICE,https://npiregistry.cms.hhs.gov/provider-view/1083491906
1952347981,MARSHFIELD CLINIC INC,VI,"AL,AZ,CA,CO,FL,GA,HI,IL,IN,KY,MA,ME,MI,MN,MO,NC,ND,NM,NV,NY,OH,OR,PA,PR,SC,TN,TX,UT,WA,WI,WV",34,PART B SUPPLIER - AMBULATORY SURGICAL CENTER | PART B SUPPLIER - CLINIC/GROUP PRACTICE | PART B SUPPLIER - INDEPENDENT CLINICAL LABORATORY,https://npiregistry.cms.hhs.gov/provider-view/1952347981
1881230563,PCO PC,VI,"AK,AZ,CA,CO,DC,FL,GA,HI,IL,KS,KY,MA,MD,ME,MI,MO,MS,NJ,NM,NV,NY,OH,PA,PR,SC,TN,TX,UT,VA,WA,WI",32,PART B SUPPLIER - CLINIC/GROUP PRACTICE,https://npiregistry.cms.hhs.gov/provider-view/1881230563
1881666998,RADIOLOGY ASSOCIATES OF ALBUQUERQUE PA,VI,"AL,AZ,CA,CO,CT,DC,HI,IL,IN,KS,KY,MA,ME,MI,MO,NC,NJ,NM,NV,NY,OH,OK,OR,PA,SC,TN,TX,UT,WA,WI",31,PART B SUPPLIER - CLINIC/GROUP PRACTICE,https://npiregistry.cms.hhs.gov/provider-view/1881666998
1710158498,ON-LINE RADIOLOGY MEDICAL GROUP INC,VI,"AZ,CA,CO,DC,FL,GA,HI,IL,KS,KY,MA,MD,MI,MO,MS,NJ,NM,NV,NY,OH,PA,PR,SC,TN,TX,VA,WA,WI",29,PART B SUPPLIER - CLINIC/GROUP PRACTICE,https://npiregistry.cms.hhs.gov/provider-view/1710158498
1366214124,BAYHEALTH RADIOLOGISTS LLC,VI,"AL,AZ,CA,CO,DC,DE,FL,HI,IL,KS,KY,MA,MD,ME,MI,MO,NJ,NY,OH,PA,PR,SC,TN,TX,UT,WA,WI",28,PART B SUPPLIER - CLINIC/GROUP PRACTICE,https://npiregistry.cms.hhs.gov/provider-view/1366214124
1376637264,CENTRAL VALLEY COMMUNITY MEDICAL IMAGING,VI,"AL,AZ,CA,CO,FL,HI,IL,KS,KY,MA,ME,MI,MO,NC,NJ,NM,NY,OH,PA,PR,SC,TN,TX,VA,WA,WI",27,PART B SUPPLIER - CLINIC/GROUP PRACTICE,https://npiregistry.cms.hhs.gov/provider-view/1376637264
1497510978,FLORIDA RADIOLOGY ASSOCIATES LLC,VI,"AZ,CA,CO,CT,FL,GA,HI,IA,IL,IN,KS,KY,MD,MI,MN,NC,NM,NV,NY,OH,PA,SC,TN,TX,VA,WI",27,PART B SUPPLIER - CLINIC/GROUP PRACTICE,https://npiregistry.cms.hhs.gov/provider-view/1497510978
1457928111,SOL RADIOLOGY INC,VI,"AZ,CA,CO,DC,FL,GU,HI,IL,KS,KY,MA,MD,MI,MO,NC,NJ,NV,NY,OH,OR,PA,SC,TX,VA,WA",26,PART B SUPPLIER - CLINIC/GROUP PRACTICE,https://npiregistry.cms.hhs.gov/provider-view/1457928111
1447228788,FREEPORT MEMORIAL HOSPITAL,VI,"AZ,CA,CO,DC,FL,GA,HI,IA,IL,MA,MD,MI,MO,NM,NY,PA,SC,TN,TX,VA,WA,WI",24,PART A PROVIDER - HOSPITAL | PART B SUPPLIER - CLINIC/GROUP PRACTICE,https://npiregistry.cms.hhs.gov/provider-view/1447228788
1699776526,RIVERSIDE RADIOLOGY MEDICAL GROUP INC,VI,"AL,AZ,CA,CO,GA,IL,KS,KY,MA,MI,MO,NJ,NM,NY,OH,PA,PR,SC,TN,TX,WA,WI",23,PART B SUPPLIER - CLINIC/GROUP PRACTICE,https://npiregistry.cms.hhs.gov/provider-view/1699776526
1861452864,CENTRAL TEXAS RADIOLOGICAL ASSOCIATES PA,VI,"AR,AZ,CA,CO,DC,FL,IL,KS,MA,ME,MI,MO,NJ,NY,PA,PR,SC,TN,TX,WA,WI",22,PART B SUPPLIER - CLINIC/GROUP PRACTICE,https://npiregistry.cms.hhs.gov/provider-view/1861452864
1740417153,HUMBOLDT PARK HEALTH,VI,"AZ,CA,CO,FL,IL,KS,MA,MI,MO,NJ,NM,NY,OH,PA,PR,SC,TN,TX,WA,WI",21,PART B SUPPLIER - CLINIC/GROUP PRACTICE,https://npiregistry.cms.hhs.gov/provider-view/1740417153
1063400729,"RADIOLOGY IMAGING ASSOCIATES, LLC",VI,"AL,CA,FL,GA,HI,ID,MA,MI,NC,NJ,NY,PA,PR,RI,SC,TN,TX,UT,VA",20,PART B SUPPLIER - CLINIC/GROUP PRACTICE,https://npiregistry.cms.hhs.gov/provider-view/1063400729
1952335556,CHRISTIANA CARE HEALTH SERVICES INC,VI,"AL,AZ,CA,CO,FL,HI,IL,MA,MD,NJ,NY,OH,PA,PR,SC,TN,TX,WA,WI",20,PART B SUPPLIER - CLINIC/GROUP PRACTICE,https://npiregistry.cms.hhs.gov/provider-view/1952335556
1093763591,INVERNESS MEDICAL IMAGING LLC,VI,"AL,CA,FL,GA,HI,ID,MA,MI,NY,PR,RI,SC,TN,TX,UT,WA",17,PART B SUPPLIER - CLINIC/GROUP PRACTICE,https://npiregistry.cms.hhs.gov/provider-view/1093763591
1407809262,RADIOLOGY REGIONAL CENTER P A,VI,"AZ,CA,CO,FL,KY,MA,MI,NC,NY,PR,SC,TN,TX,UT,VA,WI",17,PART B SUPPLIER - CLINIC/GROUP PRACTICE,https://npiregistry.cms.hhs.gov/provider-view/1407809262
1891751186,DICKINSON COUNTY HEALTHCARE SYSTEM,VI,"AZ,CA,CO,DC,FL,IL,MA,MI,NY,OH,PA,PR,SC,TX",16,PART B SUPPLIER - CLINIC/GROUP PRACTICE,https://npiregistry.cms.hhs.gov/provider-view/1891751186
1669469045,MEDICAL IMAGING CENTER OF OCALA LLP,VI,"AL,CA,FL,GA,HI,ID,MA,MI,PR,RI,SC,TN,TX,UT",15,PART B SUPPLIER - CLINIC/GROUP PRACTICE,https://npiregistry.cms.hhs.gov/provider-view/1669469045
1023247871,"HARRIOTT, ALLISON",VI,"AL,AZ,CA,DC,FL,GA,HI,ID,ME,MI,MT,PA,TX",14,PRACTITIONER - CRITICAL CARE (INTENSIVISTS) | PRACTITIONER - EMERGENCY MEDICINE | PRACTITIONER - INTERNAL MEDICINE,https://npiregistry.cms.hhs.gov/provider-view/1023247871
1659385011,ST THOMAS RADIOLOGY ASSOCIATES LLC,VI,"AL,FL,GA,HI,ID,MA,MI,PR,RI,SC,TN,TX,UT",14,PART B SUPPLIER - CLINIC/GROUP PRACTICE,https://npiregistry.cms.hhs.gov/provider-view/1659385011
1669460473,TIMBERRIDGE IMAGING CENTER,VI,"AL,CA,FL,GA,ID,MA,MI,PR,RI,SC,TN,TX,UT",14,PART B SUPPLIER - CLINIC/GROUP PRACTICE,https://npiregistry.cms.hhs.gov/provider-view/1669460473
1659447118,"WELLS, DAVID",VI,"AR,AZ,CA,DE,FL,IL,MO,MS,NM,NY,TX,WA",13,PRACTITIONER - DIAGNOSTIC RADIOLOGY,https://npiregistry.cms.hhs.gov/provider-view/1659447118
1356534994,"DAVIS, CEDRIC",VI,"AL,AZ,FL,GA,IL,KY,MO,NV,OK,WV",11,PRACTITIONER - EMERGENCY MEDICINE | PRACTITIONER - FAMILY PRACTICE | PRACTITIONER - HOSPITALIST,https://npiregistry.cms.hhs.gov/provider-view/1356534994
1295138782,"CHARLES, PATRICK",VI,"AL,AZ,IL,LA,MS,NJ,PA,TN,VA",10,PRACTITIONER - EMERGENCY MEDICINE,https://npiregistry.cms.hhs.gov/provider-view/1295138782
1598966715,"BUTT, QASIM",VI,"AL,AR,FL,KS,NC,NM,OH,TX,VA",10,PRACTITIONER - INTERNAL MEDICINE | PRACTITIONER - NEPHROLOGY,https://npiregistry.cms.hhs.gov/provider-view/1598966715
1275748386,"KASHMER, DAVID",VI,"AL,GA,IA,IN,NE,PA,TX,WI",9,PRACTITIONER - CRITICAL CARE (INTENSIVISTS) | PRACTITIONER - GENERAL SURGERY,https://npiregistry.cms.hhs.gov/provider-view/1275748386
1508247594,"NATARAJAN, PADMA",VI,"DC,FL,GA,KY,OH,PA,WI,WV",9,PRACTITIONER - CRITICAL CARE (INTENSIVISTS) | PRACTITIONER - INTERNAL MEDICINE,https://npiregistry.cms.hhs.gov/provider-view/1508247594
1639189590,"HOGAN, JAMES",VI,"FL,ME,NY,OH,TN,VA,VT,WI",9,PRACTITIONER - PHYSICIAN ASSISTANT,https://npiregistry.cms.hhs.gov/provider-view/1639189590
1700989969,"FAIRBANKS, DAVID",VI,"IN,KY,MT,NE,NM,VA,WV,WY",9,PRACTITIONER - EMERGENCY MEDICINE | PRACTITIONER - FAMILY PRACTICE,https://npiregistry.cms.hhs.gov/provider-view/1700989969
1760510978,"MCFARLAND, JAMES",VI,"AR,AZ,CA,GA,ND,PA,TX,VA",9,PRACTITIONER - CRITICAL CARE (INTENSIVISTS) | PRACTITIONER - GENERAL SURGERY | PRACTITIONER - THORACIC SURGERY,https://npiregistry.cms.hhs.gov/provider-view/1760510978
1114152832,"MALKA, SARAH",VI,"AZ,CO,IA,KS,NC,NM,NY",8,PRACTITIONER - EMERGENCY MEDICINE | PRACTITIONER - PEDIATRIC MEDICINE,https://npiregistry.cms.hhs.gov/provider-view/1114152832
1245276633,"HINEDI, KAREEM",VI,"AL,NC,OH,OK,PA,TX,VA",8,PRACTITIONER - HOSPITALIST | PRACTITIONER - INTERNAL MEDICINE,https://npiregistry.cms.hhs.gov/provider-view/1245276633
1326048752,"ANSARI, AAISYA",VI,"DC,MA,MD,NC,NE,TX,WV",8,PRACTITIONER - EMERGENCY MEDICINE,https://npiregistry.cms.hhs.gov/provider-view/1326048752
1336487834,"DUNAY, STEPHEN",VI,"AZ,CA,FL,NJ,NY,TN,TX",8,PRACTITIONER - EMERGENCY MEDICINE,https://npiregistry.cms.hhs.gov/provider-view/1336487834
1508133497,SWEET DREAMS ANESTHESIA INC,VI,"AL,CA,FL,KS,KY,NM,TN",8,PART B SUPPLIER - CLINIC/GROUP PRACTICE,https://npiregistry.cms.hhs.gov/provider-view/1508133497
1720053598,"HUGHES, CHARLES",VI,"FL,GA,KY,NC,SC,TN,TX",8,PRACTITIONER - EMERGENCY MEDICINE | PRACTITIONER - OTOLARYNGOLOGY | PRACTITIONER - PEDIATRIC MEDICINE,https://npiregistry.cms.hhs.gov/provider-view/1720053598
1891889127,"LINDBERG, GORDON",VI,"CA,CO,MI,PA,TX,VA,WI",8,PRACTITIONER - CRITICAL CARE (INTENSIVISTS) | PRACTITIONER - GENERAL SURGERY | PRACTITIONER - HOSPITALIST,https://npiregistry.cms.hhs.gov/provider-view/1891889127
1891895256,"BROOKS, KATHERINE",VI,"ID,IN,KY,ME,MN,NY,TX",8,PRACTITIONER - EMERGENCY MEDICINE | PRACTITIONER - INTERNAL MEDICINE,https://npiregistry.cms.hhs.gov/provider-view/1891895256
1013236371,"ADABALA, MADHURI",VI,"CT,FL,NJ,NY,PA,TX",7,PRACTITIONER - HOSPITALIST | PRACTITIONER - INTERNAL MEDICINE,https://npiregistry.cms.hhs.gov/provider-view/1013236371
1013262492,"LI, SHUANG",VI,"AK,CA,MT,OR,TX,VT",7,PRACTITIONER - HOSPITALIST | PRACTITIONER - INTERNAL MEDICINE,https://npiregistry.cms.hhs.gov/provider-view/1013262492
1023115615,"PITAFI, ALI",VI,"CA,GU,MN,SD,TX,WV",7,PRACTITIONER - HOSPITALIST | PRACTITIONER - INTERNAL MEDICINE,https://npiregistry.cms.hhs.gov/provider-view/1023115615
1144511593,"KROB, RACHAEL",VI,"KS,KY,MN,MO,ND,OK",7,PRACTITIONER - EMERGENCY MEDICINE | PRACTITIONER - INTERNAL MEDICINE,https://npiregistry.cms.hhs.gov/provider-view/1144511593
1174029870,"DAVIS, JASON",VI,"AL,FL,GA,MO,SC,UT",7,PRACTITIONER - DIAGNOSTIC RADIOLOGY | PRACTITIONER - GENERAL PRACTICE,https://npiregistry.cms.hhs.gov/provider-view/1174029870
1235662552,"MITCHELL, MARCUS",VI,"DC,IA,IN,MD,TN,VA",7,PRACTITIONER - ANESTHESIOLOGY,https://npiregistry.cms.hhs.gov/provider-view/1235662552
1275538977,"BELL, DARL",VI,"AZ,KY,LA,OR,PA,TN",7,PRACTITIONER - HOSPITALIST | PRACTITIONER - INTERNAL MEDICINE,https://npiregistry.cms.hhs.gov/provider-view/1275538977
1295789790,"OLDHAM, LORRIE",VI,"GU,LA,ME,NC,OH,SC",7,PRACTITIONER - CRITICAL CARE (INTENSIVISTS) | PRACTITIONER - GENERAL SURGERY | PRACTITIONER - INTERNAL MEDICINE,https://npiregistry.cms.hhs.gov/provider-view/1295789790
1295855617,"HOLLINGER, CHRISTOPHER",VI,"AZ,CO,DC,FL,MT,VA",7,PRACTITIONER - ANESTHESIOLOGY,https://npiregistry.cms.hhs.gov/provider-view/1295855617
1427267871,"ABDEL JALIL, ALA'",VI,"IL,IN,MO,OH,SC,SD",7,PRACTITIONER - GASTROENTEROLOGY | PRACTITIONER - INTERNAL MEDICINE,https://npiregistry.cms.hhs.gov/provider-view/1427267871
1699035162,"LEEPER, SARAH",VI,"DC,MD,ME,TX,VA,WV",7,PRACTITIONER - EMERGENCY MEDICINE,https://npiregistry.cms.hhs.gov/provider-view/1699035162
1821213067,"LOGAN, BRADLEY",VI,"AL,FL,GU,IA,TN,TX",7,PRACTITIONER - EMERGENCY MEDICINE,https://npiregistry.cms.hhs.gov/provider-view/1821213067
1851462253,"PLASKETT, ALLEN",VI,"DC,FL,IN,MD,NY,WI",7,PRACTITIONER - CERTIFIED REGISTERED NURSE ANESTHETIST (CRNA),https://npiregistry.cms.hhs.gov/provider-view/1851462253
1891760088,"MCQUEEN, YVETTE",VI,"AL,FL,MO,NM,TX,VA",7,PRACTITIONER - EMERGENCY MEDICINE,https://npiregistry.cms.hhs.gov/provider-view/1891760088
1912318783,"VALID, SAM",VI,"AZ,IN,MI,MO,OK,WI",7,PRACTITIONER - HOSPITALIST | PRACTITIONER - INTERNAL MEDICINE,https://npiregistry.cms.hhs.gov/provider-view/1912318783
1063899078,"BAULESH, DAVID",VI,"CO,KS,MD,TX,WV",6,PRACTITIONER - EMERGENCY MEDICINE,https://npiregistry.cms.hhs.gov/provider-view/1063899078
1215356902,"LEARY, JOSEPH",VI,"DC,IN,MA,MD,MI",6,PRACTITIONER - EMERGENCY MEDICINE,https://npiregistry.cms.hhs.gov/provider-view/1215356902
1215904859,"GRODZIN, CHARLES",VI,"AL,GA,KY,PA,WV",6,PRACTITIONER - CRITICAL CARE (INTENSIVISTS) | PRACTITIONER - INTERNAL MEDICINE | PRACTITIONER - PULMONARY DISEASE,https://npiregistry.cms.hhs.gov/provider-view/1215904859
1275652273,"SHEDEED, REDA",VI,"CA,NY,OH,PA,WV",6,PRACTITIONER - FAMILY PRACTICE | PRACTITIONER - INTERNAL MEDICINE,https://npiregistry.cms.hhs.gov/provider-view/1275652273
1275748261,"GARUBA, MARIAM",VI,"AK,CA,NE,NJ,NY",6,PRACTITIONER - PSYCHIATRY,https://npiregistry.cms.hhs.gov/provider-view/1275748261
1336467414,"TAYLOR, AISHA",VI,"GA,MD,MS,OH,PA",6,PRACTITIONER - UROLOGY,https://npiregistry.cms.hhs.gov/provider-view/1336467414
1437648805,"CAGE, LAUREN",VI,"CO,FL,IN,MS,TN",6,PRACTITIONER - CERTIFIED REGISTERED NURSE ANESTHETIST (CRNA),https://npiregistry.cms.hhs.gov/provider-view/1437648805
1447230461,"GRAHAM, ERINNE",VI,"AR,GA,LA,NH,WA",6,PRACTITIONER - OBSTETRICS/GYNECOLOGY,https://npiregistry.cms.hhs.gov/provider-view/1447230461
1508044165,"THORPE, ARTHUR",VI,"DC,FL,MD,NC,PA",6,PRACTITIONER - OBSTETRICS/GYNECOLOGY,https://npiregistry.cms.hhs.gov/provider-view/1508044165
1598150971,"FREEMAN, SHAYLA",VI,"FL,GA,SC,TX,VA",6,PRACTITIONER - EMERGENCY MEDICINE,https://npiregistry.cms.hhs.gov/provider-view/1598150971
1619914108,"MUBARAK, KAMAL",VI,"MD,MI,ND,NJ,TN",6,PRACTITIONER - CRITICAL CARE (INTENSIVISTS) | PRACTITIONER - INTERNAL MEDICINE | PRACTITIONER - PULMONARY DISEASE,https://npiregistry.cms.hhs.gov/provider-view/1619914108
1760443360,"WILLIAMS, J",VI,"GA,IN,MI,TN,TX",6,PRACTITIONER - EMERGENCY MEDICINE | PRACTITIONER - FAMILY PRACTICE,https://npiregistry.cms.hhs.gov/provider-view/1760443360
1770783086,"MOSLEY, EMMETT",VI,"FL,KY,MI,NC,TX",6,PRACTITIONER - ORTHOPEDIC SURGERY,https://npiregistry.cms.hhs.gov/provider-view/1770783086
1861417552,"VILLARREAL, DAVID",VI,"CA,FL,TX,VA,WA",6,PRACTITIONER - CRITICAL CARE (INTENSIVISTS) | PRACTITIONER - GENERAL SURGERY,https://npiregistry.cms.hhs.gov/provider-view/1861417552
1891291506,"ELKIN, DAVID",VI,"AZ,CA,HI,NC,WI",6,PRACTITIONER - EMERGENCY MEDICINE,https://npiregistry.cms.hhs.gov/provider-view/1891291506
1932562931,"PATEL, HARSHAL",VI,"CA,HI,NC,TX,WA",6,PRACTITIONER - FAMILY PRACTICE | PRACTITIONER - INTERNAL MEDICINE,https://npiregistry.cms.hhs.gov/provider-view/1932562931
1003020348,"RIPPON, JENNIFER",VI,"CO,GA,LA,MO",5,PRACTITIONER - CRITICAL CARE (INTENSIVISTS) | PRACTITIONER - INTERNAL MEDICINE | PRACTITIONER - PULMONARY DISEASE,https://npiregistry.cms.hhs.gov/provider-view/1003020348
1003265455,"BOMMAKANTI, ANURADHA",VI,"AR,GA,IN,KY",5,PRACTITIONER - CRITICAL CARE (INTENSIVISTS) | PRACTITIONER - INTERNAL MEDICINE | PRACTITIONER - PULMONARY DISEASE,https://npiregistry.cms.hhs.gov/provider-view/1003265455
1053471102,"LANG, JUERGEN",VI,"FL,GU,OR,WA",5,PRACTITIONER - EMERGENCY MEDICINE,https://npiregistry.cms.hhs.gov/provider-view/1053471102
1073585303,"MCKEVITT, DENNIS",VI,"AK,MT,NY,PA",5,PRACTITIONER - CRITICAL CARE (INTENSIVISTS),https://npiregistry.cms.hhs.gov/provider-view/1073585303
1083063531,"SAMAHA, GHASSAN",VI,"GU,HI,IA,NY",5,PRACTITIONER - CRITICAL CARE (INTENSIVISTS) | PRACTITIONER - INTERNAL MEDICINE | PRACTITIONER - PULMONARY DISEASE,https://npiregistry.cms.hhs.gov/provider-view/1083063531
1114940038,"MAHMOUD, AHMED",VI,"CA,CT,IN,NY",5,PRACTITIONER - CRITICAL CARE (INTENSIVISTS) | PRACTITIONER - GENERAL SURGERY,https://npiregistry.cms.hhs.gov/provider-view/1114940038
1134312515,"GUTMAN, AMY",VI,"FL,KS,LA,TX",5,PRACTITIONER - EMERGENCY MEDICINE,https://npiregistry.cms.hhs.gov/provider-view/1134312515
1144325796,"VITTERITO, JOSEPH",VI,"CT,MA,NH,NY",5,PRACTITIONER - PEDIATRIC MEDICINE,https://npiregistry.cms.hhs.gov/provider-view/1144325796
1154499069,"ARAM, GHAZALEH",VI,"DC,MD,NJ,VA",5,PRACTITIONER - GASTROENTEROLOGY,https://npiregistry.cms.hhs.gov/provider-view/1154499069
1164410916,"RIVERA, CALEB",VI,"FL,GA,LA,SC",5,PRACTITIONER - DIAGNOSTIC RADIOLOGY | PRACTITIONER - INTERVENTIONAL RADIOLOGY,https://npiregistry.cms.hhs.gov/provider-view/1164410916
1184669137,"ANGLE, DONALD",VI,"AL,AR,GA,IL",5,PRACTITIONER - EMERGENCY MEDICINE,https://npiregistry.cms.hhs.gov/provider-view/1184669137
1194799288,"SINGH, NIRMAL",VI,"AL,FL,HI,MT",5,PRACTITIONER - EMERGENCY MEDICINE | PRACTITIONER - INTERNAL MEDICINE,https://npiregistry.cms.hhs.gov/provider-view/1194799288
1194899641,"BRAUN, CONNIE",VI,"FL,IN,KY,MI",5,PRACTITIONER - INTERNAL MEDICINE,https://npiregistry.cms.hhs.gov/provider-view/1194899641
1215015706,"JONES, AARON",VI,"CA,IN,KY,TN",5,PRACTITIONER - CERTIFIED REGISTERED NURSE ANESTHETIST (CRNA),https://npiregistry.cms.hhs.gov/provider-view/1215015706
1215145545,"HOZUMI, OMID",VI,"HI,NC,NY,WV",5,PRACTITIONER - ANESTHESIOLOGY,https://npiregistry.cms.hhs.gov/provider-view/1215145545
1215909072,"PUCHALSKI, JONATHAN",VI,"CT,KY,NJ,VT",5,PRACTITIONER - CRITICAL CARE (INTENSIVISTS) | PRACTITIONER - PULMONARY DISEASE,https://npiregistry.cms.hhs.gov/provider-view/1215909072
1235249301,"SOBEL, MICHAEL",VI,"GA,IN,KY,SC",5,PRACTITIONER - INTERNAL MEDICINE | PRACTITIONER - NEPHROLOGY,https://npiregistry.cms.hhs.gov/provider-view/1235249301
1245551795,"PETREY, CHRISTOPHER",VI,"IN,KY,MO,SC",5,PRACTITIONER - CRITICAL CARE (INTENSIVISTS) | PRACTITIONER - INTERNAL MEDICINE,https://npiregistry.cms.hhs.gov/provider-view/1245551795
1265868855,"ASHLEY, SARAH",VI,"CA,MP,NC,TX",5,PRACTITIONER - EMERGENCY MEDICINE,https://npiregistry.cms.hhs.gov/provider-view/1265868855
1275114878,"SHORTER, TAJ",VI,"DE,GA,MS,PA",5,PRACTITIONER - EMERGENCY MEDICINE,https://npiregistry.cms.hhs.gov/provider-view/1275114878
1275840720,"PABON MARTINEZ, ANA",VI,"FL,GA,PR,SC",5,PRACTITIONER - DIAGNOSTIC RADIOLOGY | PRACTITIONER - INTERVENTIONAL RADIOLOGY,https://npiregistry.cms.hhs.gov/provider-view/1275840720
1285738468,"WESTBROOK, TOIKUS",VI,"MS,NM,TN,TX",5,PRACTITIONER - EMERGENCY MEDICINE | PRACTITIONER - FAMILY PRACTICE,https://npiregistry.cms.hhs.gov/provider-view/1285738468
1295988699,"RAY, TOMMY",VI,"CA,CO,NC,NH",5,PRACTITIONER - PHYSICIAN ASSISTANT,https://npiregistry.cms.hhs.gov/provider-view/1295988699
1326223306,"KAWALEK, ADAM",VI,"CA,MA,MD,OR",5,PRACTITIONER - EMERGENCY MEDICINE | PRACTITIONER - HOSPITALIST | PRACTITIONER - INTERNAL MEDICINE,https://npiregistry.cms.hhs.gov/provider-view/1326223306
1336101567,"FISHER, TREVOR",VI,"MP,TX,WA,WI",5,PRACTITIONER - EMERGENCY MEDICINE,https://npiregistry.cms.hhs.gov/provider-view/1336101567
1336151604,"PETERS, GEORGE",VI,"AL,FL,ME,MS",5,PRACTITIONER - OPHTHALMOLOGY,https://npiregistry.cms.hhs.gov/provider-view/1336151604
1346457116,"MOURI, MICHAEL",VI,"AL,KY,MS,TX",5,PRACTITIONER - EMERGENCY MEDICINE | PRACTITIONER - FAMILY PRACTICE,https://npiregistry.cms.hhs.gov/provider-view/1346457116
1366463689,"BABCOCK, STUART",VI,"GA,ND,SC,WI",5,PRACTITIONER - GENERAL SURGERY,https://npiregistry.cms.hhs.gov/provider-view/1366463689
1366731804,"VAUGHAN, NILAM",VI,"GA,NE,TN,WI",5,PRACTITIONER - EMERGENCY MEDICINE,https://npiregistry.cms.hhs.gov/provider-view/1366731804
1386099786,"AREF, YUSUF",VI,"FL,HI,KY,OH",5,PRACTITIONER - ANESTHESIOLOGY,https://npiregistry.cms.hhs.gov/provider-view/1386099786
1427176908,"ABESADA-AGUET, JAIME",VI,"FL,GA,PR,SC",5,PRACTITIONER - DIAGNOSTIC RADIOLOGY | PRACTITIONER - INTERVENTIONAL RADIOLOGY,https://npiregistry.cms.hhs.gov/provider-view/1427176908
1487001624,"BARFIELD, ASHLEY",VI,"MO,NM,OK,TX",5,PRACTITIONER - EMERGENCY MEDICINE,https://npiregistry.cms.hhs.gov/provider-view/1487001624
1518020502,"LLOBET, PAUL",VI,"GU,MP,NV,TX",5,PRACTITIONER - INTERNAL MEDICINE,https://npiregistry.cms.hhs.gov/provider-view/1518020502
1518349133,"KUKOYI, OMOBOLAWA",VI,"IL,KY,OK,TX",5,PRACTITIONER - EMERGENCY MEDICINE,https://npiregistry.cms.hhs.gov/provider-view/1518349133
1568648749,"DAWSON, GRANT",VI,"SC,TX,VA,WA",5,PRACTITIONER - EMERGENCY MEDICINE | PRACTITIONER - FAMILY PRACTICE,https://npiregistry.cms.hhs.gov/provider-view/1568648749
1578551321,"PRIETO, ROLANDO",VI,"FL,GA,LA,SC",5,PRACTITIONER - DIAGNOSTIC RADIOLOGY | PRACTITIONER - INTERVENTIONAL RADIOLOGY,https://npiregistry.cms.hhs.gov/provider-view/1578551321
1609152701,"RIVERA FERNANDEZ, RICARDO",VI,"FL,GA,PR,SC",5,PRACTITIONER - DIAGNOSTIC RADIOLOGY,https://npiregistry.cms.hhs.gov/provider-view/1609152701
1609927342,"JOHNSON, SHAWN",VI,"NE,SD,TX,WA",5,PRACTITIONER - ORTHOPEDIC SURGERY | PRACTITIONER - SPORTS MEDICINE,https://npiregistry.cms.hhs.gov/provider-view/1609927342
1619064623,"TOMPKINS, RYAN",VI,"FL,GA,LA,SC",5,PRACTITIONER - DIAGNOSTIC RADIOLOGY,https://npiregistry.cms.hhs.gov/provider-view/1619064623
1619131125,"MOSKOWITZ, JESSE",VI,"IN,MS,VA,WI",5,PRACTITIONER - GENERAL SURGERY,https://npiregistry.cms.hhs.gov/provider-view/1619131125
1619166535,"KENDALL, WILLIAM",VI,"NC,SD,VA,WI",5,PRACTITIONER - GENERAL SURGERY,https://npiregistry.cms.hhs.gov/provider-view/1619166535
1619326683,"BARABAS, ALEXANDRU",VI,"FL,GA,HI,VA",5,PRACTITIONER - EMERGENCY MEDICINE,https://npiregistry.cms.hhs.gov/provider-view/1619326683
1649230483,"JONES, ANDREW",VI,"DC,MD,NC,VA",5,PRACTITIONER - ORTHOPEDIC SURGERY,https://npiregistry.cms.hhs.gov/provider-view/1649230483
1649484890,"MARTIN, JANELLE",VI,"MD,PA,VA,WV",5,PRACTITIONER - EMERGENCY MEDICINE,https://npiregistry.cms.hhs.gov/provider-view/1649484890
1669532008,"CARROLL, STEPHEN",VI,"NM,OH,OR,UT",5,PRACTITIONER - DIAGNOSTIC RADIOLOGY,https://npiregistry.cms.hhs.gov/provider-view/1669532008
1679968077,"OKUNDAYE, IVIE",VI,"CA,IL,KY,WI",5,PRACTITIONER - HOSPITALIST | PRACTITIONER - INTERNAL MEDICINE | PRACTITIONER - NEPHROLOGY,https://npiregistry.cms.hhs.gov/provider-view/1679968077
1689905952,"GONZALEZ, EDWARD",VI,"AK,MT,TX,WA",5,PRACTITIONER - NURSE PRACTITIONER,https://npiregistry.cms.hhs.gov/provider-view/1689905952
1720359334,"MEYERS, RIDGELY",VI,"AL,CA,FL,GA",5,PRACTITIONER - DIAGNOSTIC RADIOLOGY,https://npiregistry.cms.hhs.gov/provider-view/1720359334
1720499023,"ARODAKI, FADI",VI,"AZ,CA,CO,WI",5,PRACTITIONER - HOSPITALIST | PRACTITIONER - INTERNAL MEDICINE,https://npiregistry.cms.hhs.gov/provider-view/1720499023
1720550049,"WILLIAMS, MONIQUE",VI,"NC,NV,SC,WI",5,PRACTITIONER - CERTIFIED REGISTERED NURSE ANESTHETIST (CRNA),https://npiregistry.cms.hhs.gov/provider-view/1720550049
1730171729,"GUPTA, JAIDEEP",VI,"ID,IN,KY,NY",5,PRACTITIONER - PEDIATRIC MEDICINE,https://npiregistry.cms.hhs.gov/provider-view/1730171729
1841340429,"VILLANUEVA, CARMEN",VI,"FL,GA,PR,SC",5,PRACTITIONER - DIAGNOSTIC RADIOLOGY,https://npiregistry.cms.hhs.gov/provider-view/1841340429
1871511238,"GERACI, ANTHONY",VI,"CA,IN,MT,NY",5,PRACTITIONER - NEUROLOGY,https://npiregistry.cms.hhs.gov/provider-view/1871511238
1932150984,"GUOTH, PAMELA",VI,"AL,AZ,LA,MS",5,PRACTITIONER - EMERGENCY MEDICINE | PRACTITIONER - FAMILY PRACTICE,https://npiregistry.cms.hhs.gov/provider-view/1932150984
1982137816,"VALLABHANENI, DEEPAK",VI,"FL,GA,SC,TN",5,PRACTITIONER - DIAGNOSTIC RADIOLOGY,https://npiregistry.cms.hhs.gov/provider-view/1982137816
1992706808,"KOMINSKY, STEPHEN",VI,"AZ,MD,PA,WV",5,PRACTITIONER - PODIATRY,https://npiregistry.cms.hhs.gov/provider-view/1992706808
1992763395,"BENJAMIN, ROBERT",VI,"FL,GA,TX,WI",5,PRACTITIONER - CRITICAL CARE (INTENSIVISTS) | PRACTITIONER - GENERAL SURGERY,https://npiregistry.cms.hhs.gov/provider-view/1992763395
1992816169,"MAHON, SELWYN",VI,"DC,MA,MD,RI",5,PRACTITIONER - EMERGENCY MEDICINE,https://npiregistry.cms.hhs.gov/provider-view/1992816169
1003056755,"EDELSTEIN, TRAVIS",VI,"FL,GA,MN",4,PRACTITIONER - DIAGNOSTIC RADIOLOGY | PRACTITIONER - INTERVENTIONAL RADIOLOGY,https://npiregistry.cms.hhs.gov/provider-view/1003056755
1003905290,"GIANINI, JOHN",VI,"FL,GA,SC",4,PRACTITIONER - DIAGNOSTIC RADIOLOGY,https://npiregistry.cms.hhs.gov/provider-view/1003905290
1013004530,"ZILLES, MICHAEL",VI,"NY,SC,WY",4,PRACTITIONER - ORTHOPEDIC SURGERY,https://npiregistry.cms.hhs.gov/provider-view/1013004530
1013300433,"MORALES CHEVRES, EDGAR",VI,"FL,GA,PR",4,PRACTITIONER - DIAGNOSTIC RADIOLOGY,https://npiregistry.cms.hhs.gov/provider-view/1013300433
1013369727,"LEE, LAURA",VI,"HI,KS,MO",4,PRACTITIONER - CERTIFIED REGISTERED NURSE ANESTHETIST (CRNA),https://npiregistry.cms.hhs.gov/provider-view/1013369727
1013912229,"WARD, MICHAEL",VI,"GA,NC,TX",4,PRACTITIONER - EMERGENCY MEDICINE,https://npiregistry.cms.hhs.gov/provider-view/1013912229
1023028438,"STRONG, JEFFREY",VI,"CA,HI,UT",4,PRACTITIONER - INTERNAL MEDICINE,https://npiregistry.cms.hhs.gov/provider-view/1023028438
1033361373,"LANGSTON, JESSICA",VI,"OR,UT,VA",4,PRACTITIONER - NURSE PRACTITIONER,https://npiregistry.cms.hhs.gov/provider-view/1033361373
1033594288,"WEEKS, SHAWN",VI,"FL,MS",4,PRACTITIONER - EMERGENCY MEDICINE | PRACTITIONER - GENERAL PRACTICE,https://npiregistry.cms.hhs.gov/provider-view/1033594288
1043224710,"BORCHARDT, JEFFREY",VI,"AL,LA,MS",4,PRACTITIONER - ANESTHESIOLOGY,https://npiregistry.cms.hhs.gov/provider-view/1043224710
1043298615,"ILUYOMADE, ROTIMI",VI,"NC,TX,VA",4,PRACTITIONER - EMERGENCY MEDICINE,https://npiregistry.cms.hhs.gov/provider-view/1043298615
1053842625,"KESHISHIAN, EDWARD",VI,"FL,GA,SC",4,PRACTITIONER - DIAGNOSTIC RADIOLOGY,https://npiregistry.cms.hhs.gov/provider-view/1053842625
1083602817,"CORTES, EDSON",VI,"FL,GA,SC",4,PRACTITIONER - DIAGNOSTIC RADIOLOGY,https://npiregistry.cms.hhs.gov/provider-view/1083602817
1083970909,"SUTKOWSKI, RAYMOND",VI,"FL,GA,SC",4,PRACTITIONER - DIAGNOSTIC RADIOLOGY | PRACTITIONER - INTERVENTIONAL RADIOLOGY,https://npiregistry.cms.hhs.gov/provider-view/1083970909
1093759599,"TURETSKY, DAVID",VI,"FL,GA,SC",4,PRACTITIONER - DIAGNOSTIC RADIOLOGY | PRACTITIONER - INTERVENTIONAL RADIOLOGY,https://npiregistry.cms.hhs.gov/provider-view/1093759599
1104860600,"YUSCHOK, THOMAS",VI,"FL,GA,SC",4,PRACTITIONER - DIAGNOSTIC RADIOLOGY,https://npiregistry.cms.hhs.gov/provider-view/1104860600
1114380938,"MOHAN, OLIVIA",VI,"NC,VA,WV",4,PRACTITIONER - EMERGENCY MEDICINE | PRACTITIONER - FAMILY PRACTICE,https://npiregistry.cms.hhs.gov/provider-view/1114380938
1114458973,"BAERGA-NAVARRO, SERGIO",VI,"FL,GA,SC",4,PRACTITIONER - DIAGNOSTIC RADIOLOGY,https://npiregistry.cms.hhs.gov/provider-view/1114458973
1134516727,"SCHAFER, ANGELA",VI,"NC,SC,TN",4,PRACTITIONER - EMERGENCY MEDICINE,https://npiregistry.cms.hhs.gov/provider-view/1134516727
1144218991,"WILLIAMSON, MALCOLM",VI,"FL,GA,SC",4,PRACTITIONER - DIAGNOSTIC RADIOLOGY,https://npiregistry.cms.hhs.gov/provider-view/1144218991
1144229170,"BERKELEY, MICHELE",VI,"DC,MD,VA",4,PRACTITIONER - OBSTETRICS/GYNECOLOGY,https://npiregistry.cms.hhs.gov/provider-view/1144229170
1144515982,"ELDRIDGE, TAYLER",VI,"CO,DC,MD",4,PRACTITIONER - ANESTHESIOLOGY,https://npiregistry.cms.hhs.gov/provider-view/1144515982
1154358398,"JONES, TIMOTHY",VI,"FL,GA,SC",4,PRACTITIONER - DIAGNOSTIC RADIOLOGY,https://npiregistry.cms.hhs.gov/provider-view/1154358398
1174567697,"SCHIERING, MICHAEL",VI,"FL,GA,SC",4,PRACTITIONER - DIAGNOSTIC RADIOLOGY,https://npiregistry.cms.hhs.gov/provider-view/1174567697
1174964829,"QUIROZ CASIAN, ALEXANDER",VI,"FL,GA,SC",4,PRACTITIONER - DIAGNOSTIC RADIOLOGY,https://npiregistry.cms.hhs.gov/provider-view/1174964829
1184186959,"BRIM, THOMAS",VI,"FL,GA,SC",4,PRACTITIONER - DIAGNOSTIC RADIOLOGY,https://npiregistry.cms.hhs.gov/provider-view/1184186959
1184980377,"LEVIN, DANA",VI,"CA,NY,TX",4,PRACTITIONER - EMERGENCY MEDICINE,https://npiregistry.cms.hhs.gov/provider-view/1184980377
1194178673,"LUGO MILLAN, EDRICK",VI,"AL,FL,PR",4,PRACTITIONER - DIAGNOSTIC RADIOLOGY,https://npiregistry.cms.hhs.gov/provider-view/1194178673
1215986658,"BUNKER, NOAH",VI,"FL,TN,TX",4,PRACTITIONER - ANESTHESIOLOGY,https://npiregistry.cms.hhs.gov/provider-view/1215986658
1225081532,"HOOD, BOLD",VI,"FL,KY,TX",4,PRACTITIONER - EMERGENCY MEDICINE,https://npiregistry.cms.hhs.gov/provider-view/1225081532
1245266097,"ORBUCH, MURRAY",VI,"AZ,CA,NY",4,PRACTITIONER - GASTROENTEROLOGY,https://npiregistry.cms.hhs.gov/provider-view/1245266097
1255890323,"GANGE, MICHAEL",VI,"FL,GA,SC",4,PRACTITIONER - DIAGNOSTIC RADIOLOGY,https://npiregistry.cms.hhs.gov/provider-view/1255890323
1285794784,"GOLLAS, ADRIAN",VI,"CO,MA,OK",4,PRACTITIONER - ANESTHESIOLOGY,https://npiregistry.cms.hhs.gov/provider-view/1285794784
1295090587,"RODRIGUEZ RUIZ, FELIPE",VI,"FL,GA,PR",4,PRACTITIONER - DIAGNOSTIC RADIOLOGY,https://npiregistry.cms.hhs.gov/provider-view/1295090587
1295872240,"ASSAD, RIZWAN",VI,"FL,GA,SC",4,PRACTITIONER - DIAGNOSTIC RADIOLOGY,https://npiregistry.cms.hhs.gov/provider-view/1295872240
1306043831,"CARTWRIGHT, BRIAN",VI,"FL,GA,SC",4,PRACTITIONER - DIAGNOSTIC RADIOLOGY,https://npiregistry.cms.hhs.gov/provider-view/1306043831
1316366818,"COMMANDER, CLAYTON",VI,"FL,GA,NC",4,PRACTITIONER - DIAGNOSTIC RADIOLOGY | PRACTITIONER - INTERVENTIONAL RADIOLOGY,https://npiregistry.cms.hhs.gov/provider-view/1316366818
1316375694,"MELTON, DUSTIN",VI,"GA,NC,SC",4,PRACTITIONER - CERTIFIED REGISTERED NURSE ANESTHETIST (CRNA),https://npiregistry.cms.hhs.gov/provider-view/1316375694
1316965783,"ALLEN, JONATHAN",VI,"AZ,LA,NV",4,PRACTITIONER - EMERGENCY MEDICINE,https://npiregistry.cms.hhs.gov/provider-view/1316965783
1316981996,"COX, JOSEPH",VI,"FL,GA,SC",4,PRACTITIONER - DIAGNOSTIC RADIOLOGY,https://npiregistry.cms.hhs.gov/provider-view/1316981996
1326148198,"TOMITA, B. AURORA",VI,"FL,HI,TX",4,PRACTITIONER - NEPHROLOGY,https://npiregistry.cms.hhs.gov/provider-view/1326148198
1336101468,"SALEH, KAMRAN",VI,"NY,PA,TX",4,PRACTITIONER - HOSPITALIST | PRACTITIONER - INTERNAL MEDICINE,https://npiregistry.cms.hhs.gov/provider-view/1336101468
1346312931,"MATOS RUIZ, NELSON",VI,"AL,FL,PR",4,PRACTITIONER - DIAGNOSTIC RADIOLOGY,https://npiregistry.cms.hhs.gov/provider-view/1346312931
1346746609,"KALANADHABHATTA, NALINI",VI,"HI,NC,NY",4,PRACTITIONER - HOSPITALIST | PRACTITIONER - INTERNAL MEDICINE,https://npiregistry.cms.hhs.gov/provider-view/1346746609
1396756474,"LEVY, ROBERT",VI,"FL,GA,SC",4,PRACTITIONER - DIAGNOSTIC RADIOLOGY | PRACTITIONER - INTERVENTIONAL RADIOLOGY | PRACTITIONER - RADIATION ONCOLOGY,https://npiregistry.cms.hhs.gov/provider-view/1396756474
1457346041,"EGAN, JAMES",VI,"HI,NM,TN",4,PRACTITIONER - GASTROENTEROLOGY | PRACTITIONER - INTERNAL MEDICINE,https://npiregistry.cms.hhs.gov/provider-view/1457346041
1457349284,"BOON, JOHN",VI,"FL,GA,SC",4,PRACTITIONER - DIAGNOSTIC RADIOLOGY,https://npiregistry.cms.hhs.gov/provider-view/1457349284
1457372807,"ROBINSON, BRETT",VI,"DC,FL,VA",4,PRACTITIONER - ANESTHESIOLOGY,https://npiregistry.cms.hhs.gov/provider-view/1457372807
1457589699,"BASTA, AMAYA",VI,"ID,LA,TX",4,PRACTITIONER - DIAGNOSTIC RADIOLOGY,https://npiregistry.cms.hhs.gov/provider-view/1457589699
1457713901,"ZAMUDIO, ALEJANDRO",VI,"IL,IN",4,PRACTITIONER - HOSPITALIST | PRACTITIONER - PEDIATRIC MEDICINE,https://npiregistry.cms.hhs.gov/provider-view/1457713901
1477786747,"BIER, ADAM",VI,"AK,CA,NY",4,PRACTITIONER - ORTHOPEDIC SURGERY,https://npiregistry.cms.hhs.gov/provider-view/1477786747
1487933545,"BENTON, LISA",VI,"CA,TX,WA",4,PRACTITIONER - NURSE PRACTITIONER,https://npiregistry.cms.hhs.gov/provider-view/1487933545
1497741631,"SCOTT, DEBORAH",VI,"GU,NH,TX",4,PRACTITIONER - INTERNAL MEDICINE,https://npiregistry.cms.hhs.gov/provider-view/1497741631
1508836636,"GASSEN, GAVIN",VI,"LA,NY,OK",4,PRACTITIONER - OTOLARYNGOLOGY,https://npiregistry.cms.hhs.gov/provider-view/1508836636
1508857905,"HASHEMI, TRACEY",VI,"FL,IL,MI",4,PRACTITIONER - EMERGENCY MEDICINE,https://npiregistry.cms.hhs.gov/provider-view/1508857905
1528325644,"AGORO, KAMALDEEN",VI,"FL,OH,TN",4,PRACTITIONER - INTERNAL MEDICINE,https://npiregistry.cms.hhs.gov/provider-view/1528325644
1548688708,"ALVAREZ, EDILBERTO",VI,"FL,GA,SC",4,PRACTITIONER - DIAGNOSTIC RADIOLOGY,https://npiregistry.cms.hhs.gov/provider-view/1548688708
1558822890,"AMIN, AYUSH",VI,"FL,GA,SC",4,PRACTITIONER - DIAGNOSTIC RADIOLOGY,https://npiregistry.cms.hhs.gov/provider-view/1558822890
1568525970,"FROMMEYER, SUSAN",VI,"IL,KY,TN",4,PRACTITIONER - OBSTETRICS/GYNECOLOGY,https://npiregistry.cms.hhs.gov/provider-view/1568525970
1578507588,"CARROLL, JOHN",VI,"FL,GA,SC",4,PRACTITIONER - DIAGNOSTIC RADIOLOGY,https://npiregistry.cms.hhs.gov/provider-view/1578507588
1588664809,"STEWART, MARTHA",VI,"AL,FL,PA",4,PRACTITIONER - CARDIOVASCULAR DISEASE (CARDIOLOGY),https://npiregistry.cms.hhs.gov/provider-view/1588664809
1588828982,"JOHNS, JEFFERY",VI,"AL,FL,TX",4,PRACTITIONER - EMERGENCY MEDICINE | PRACTITIONER - FAMILY PRACTICE | PRACTITIONER - OSTEOPATHIC MANIPULATIVE MEDICINE,https://npiregistry.cms.hhs.gov/provider-view/1588828982
1598757122,"GREENE, JEFFREY",VI,"NC,SC,TN",4,PRACTITIONER - CRITICAL CARE (INTENSIVISTS) | PRACTITIONER - INTERNAL MEDICINE,https://npiregistry.cms.hhs.gov/provider-view/1598757122
1598854994,"AULLS, AMANDA",VI,"FL,GA,SC",4,PRACTITIONER - DIAGNOSTIC RADIOLOGY,https://npiregistry.cms.hhs.gov/provider-view/1598854994
1619037025,"ROBERTO, CRAIG",VI,"FL,GA,SC",4,PRACTITIONER - DIAGNOSTIC RADIOLOGY,https://npiregistry.cms.hhs.gov/provider-view/1619037025
1619099959,"NAJAR, OLFA",VI,"CA,FL,IL",4,PRACTITIONER - GERIATRIC MEDICINE | PRACTITIONER - INTERNAL MEDICINE,https://npiregistry.cms.hhs.gov/provider-view/1619099959
1639220270,"LUCAS, ERIC",VI,"AL,MS,NM",4,PRACTITIONER - EMERGENCY MEDICINE,https://npiregistry.cms.hhs.gov/provider-view/1639220270
1639351893,"KREIDEL, KERRY",VI,"CO,OR,TX",4,PRACTITIONER - ANESTHESIOLOGY,https://npiregistry.cms.hhs.gov/provider-view/1639351893
1639598519,"FRIEDMAN, JONATHAN",VI,"FL,GA,MD",4,PRACTITIONER - DIAGNOSTIC RADIOLOGY,https://npiregistry.cms.hhs.gov/provider-view/1639598519
1639688286,"KHALID, YASER",VI,"FL,MD,NH",4,PRACTITIONER - CARDIOVASCULAR DISEASE (CARDIOLOGY) | PRACTITIONER - INTERNAL MEDICINE,https://npiregistry.cms.hhs.gov/provider-view/1639688286
1649351719,"LEWIS, CHRISTOPHER",VI,"GA,SC,TN",4,PRACTITIONER - CRITICAL CARE (INTENSIVISTS) | PRACTITIONER - GENERAL SURGERY,https://npiregistry.cms.hhs.gov/provider-view/1649351719
1649443524,"KALRA, VIVEK",VI,"FL,GA,SC",4,PRACTITIONER - DIAGNOSTIC RADIOLOGY,https://npiregistry.cms.hhs.gov/provider-view/1649443524
1659374767,"AUSTIN, SUSAN",VI,"MS,NH,NM",4,PRACTITIONER - ORTHOPEDIC SURGERY,https://npiregistry.cms.hhs.gov/provider-view/1659374767
1659658128,"ALEXANDER, DORIAN",VI,"ME,NY,TX",4,PRACTITIONER - CRITICAL CARE (INTENSIVISTS) | PRACTITIONER - EMERGENCY MEDICINE,https://npiregistry.cms.hhs.gov/provider-view/1659658128
1669664603,"BOHSALI, KAREEM",VI,"FL,GA,SC",4,PRACTITIONER - DIAGNOSTIC RADIOLOGY | PRACTITIONER - INTERVENTIONAL RADIOLOGY,https://npiregistry.cms.hhs.gov/provider-view/1669664603
1699717124,"SHAMLOU, KAMBIZ",VI,"FL,GA,SC",4,PRACTITIONER - DIAGNOSTIC RADIOLOGY,https://npiregistry.cms.hhs.gov/provider-view/1699717124
1699717603,"WHITE, RAYMOND",VI,"DC,MD,TX",4,PRACTITIONER - EMERGENCY MEDICINE,https://npiregistry.cms.hhs.gov/provider-view/1699717603
1700205424,"SIUTA, MICHAEL",VI,"FL,SC,TN",4,PRACTITIONER - FAMILY PRACTICE | PRACTITIONER - INTERNAL MEDICINE,https://npiregistry.cms.hhs.gov/provider-view/1700205424
1700402450,"GARTNER, SINA",VI,"AZ,DC,VA",4,PRACTITIONER - PHYSICAL THERAPIST IN PRIVATE PRACTICE,https://npiregistry.cms.hhs.gov/provider-view/1700402450
1710230982,"ZEIDENBERG, JOSHUA",VI,"FL,GA,SC",4,PRACTITIONER - DIAGNOSTIC RADIOLOGY,https://npiregistry.cms.hhs.gov/provider-view/1710230982
1710985981,"WILLIAMSON, BRANDT",VI,"DC,VA,WV",4,PRACTITIONER - EMERGENCY MEDICINE,https://npiregistry.cms.hhs.gov/provider-view/1710985981
1730671991,"SANTOSCOY GUTIERREZ, JUAN",VI,"FL,GA,SC",4,PRACTITIONER - DIAGNOSTIC RADIOLOGY,https://npiregistry.cms.hhs.gov/provider-view/1730671991
1750598843,"HOWEY, JILL",VI,"IA,MI,OH",4,PRACTITIONER - PEDIATRIC MEDICINE,https://npiregistry.cms.hhs.gov/provider-view/1750598843
1760726897,"HINES, JEROD",VI,"ID,OR,WA",4,PRACTITIONER - ORTHOPEDIC SURGERY,https://npiregistry.cms.hhs.gov/provider-view/1760726897
1801321682,"GUSTAFSSON, BO",VI,"CO,IL,NV",4,PRACTITIONER - EMERGENCY MEDICINE,https://npiregistry.cms.hhs.gov/provider-view/1801321682
1801855218,"WREN, KELLY",VI,"IL,MP,WI",4,PRACTITIONER - EMERGENCY MEDICINE,https://npiregistry.cms.hhs.gov/provider-view/1801855218
1821181991,"JACKSON, LINDA",VI,"GA,IA,PA",4,PRACTITIONER - ORTHOPEDIC SURGERY,https://npiregistry.cms.hhs.gov/provider-view/1821181991
1831136191,"TOCCI, ERIC",VI,"FL,GA,SC",4,PRACTITIONER - DIAGNOSTIC RADIOLOGY | PRACTITIONER - INTERVENTIONAL RADIOLOGY,https://npiregistry.cms.hhs.gov/provider-view/1831136191
1851398218,"FIDAI, GULZAR",VI,"CA,IL,WI",4,PRACTITIONER - HOSPITALIST | PRACTITIONER - INTERNAL MEDICINE,https://npiregistry.cms.hhs.gov/provider-view/1851398218
1871699652,"COHEN, SCOTT",VI,"ND,OH,SC",4,PRACTITIONER - UROLOGY,https://npiregistry.cms.hhs.gov/provider-view/1871699652
1891145074,"SULAK, CAMILLA",VI,"CA,CO,TX",4,PRACTITIONER - EMERGENCY MEDICINE,https://npiregistry.cms.hhs.gov/provider-view/1891145074
1891962197,"COBB, LEAH",VI,"ID,IL,PR",4,PRACTITIONER - ORTHOPEDIC SURGERY,https://npiregistry.cms.hhs.gov/provider-view/1891962197
1902434087,"PERSAUD, SHELLEY",VI,"FL,GA,NY",4,PRACTITIONER - INTERNAL MEDICINE,https://npiregistry.cms.hhs.gov/provider-view/1902434087
1932197761,"ALLEN, DANA",VI,"FL,GA,SC",4,PRACTITIONER - DIAGNOSTIC RADIOLOGY,https://npiregistry.cms.hhs.gov/provider-view/1932197761
1932588233,"CHARLES, DOMONIQUE",VI,"AR,DC,GA",4,PRACTITIONER - PEDIATRIC MEDICINE,https://npiregistry.cms.hhs.gov/provider-view/1932588233
1962664086,"SCALES, JOHN",VI,"FL,GA,SC",4,PRACTITIONER - DIAGNOSTIC RADIOLOGY | PRACTITIONER - INTERVENTIONAL RADIOLOGY,https://npiregistry.cms.hhs.gov/provider-view/1962664086
1003216953,"BANGASH, IMTIAZ",VI,"HI,IL",3,PRACTITIONER - GENERAL PRACTICE | PRACTITIONER - HOSPITALIST | PRACTITIONER - INTERNAL MEDICINE,https://npiregistry.cms.hhs.gov/provider-view/1003216953
1003854530,"DYER, KAREN",VI,"IL,MI",3,PRACTITIONER - PEDIATRIC MEDICINE,https://npiregistry.cms.hhs.gov/provider-view/1003854530
1003884438,"GUMBS, JULIET",VI,"AL,GA",3,PRACTITIONER - CERTIFIED REGISTERED NURSE ANESTHETIST (CRNA),https://npiregistry.cms.hhs.gov/provider-view/1003884438
1013352442,"BARTON, ROSE",VI,"PA,WV",3,PRACTITIONER - CERTIFIED REGISTERED NURSE ANESTHETIST (CRNA),https://npiregistry.cms.hhs.gov/provider-view/1013352442
1023329976,"BALLARD, JEDIDIAH",VI,"GA,IA",3,PRACTITIONER - EMERGENCY MEDICINE,https://npiregistry.cms.hhs.gov/provider-view/1023329976
1053372508,"JOHNSON, ROBERT",VI,"DC,VA",3,PRACTITIONER - CERTIFIED REGISTERED NURSE ANESTHETIST (CRNA),https://npiregistry.cms.hhs.gov/provider-view/1053372508
1063495711,"GORDON, KELLY",VI,"KS,MO",3,PRACTITIONER - CERTIFIED REGISTERED NURSE ANESTHETIST (CRNA),https://npiregistry.cms.hhs.gov/provider-view/1063495711
1063861045,"GARVIN, COREY",VI,"FL,GA",3,PRACTITIONER - DIAGNOSTIC RADIOLOGY | PRACTITIONER - INTERVENTIONAL RADIOLOGY,https://npiregistry.cms.hhs.gov/provider-view/1063861045
1073007936,"DICKSON, MEGAN",VI,"CA,HI",3,PRACTITIONER - EMERGENCY MEDICINE,https://npiregistry.cms.hhs.gov/provider-view/1073007936
1073557518,"KLIOZE, SCOTT",VI,"FL,GA",3,PRACTITIONER - DIAGNOSTIC RADIOLOGY | PRACTITIONER - INTERVENTIONAL RADIOLOGY,https://npiregistry.cms.hhs.gov/provider-view/1073557518
1073706677,"OLESEVICH, MAX",VI,"CA,WI",3,PRACTITIONER - EMERGENCY MEDICINE,https://npiregistry.cms.hhs.gov/provider-view/1073706677
1083636930,"AZAD, DEEPAK",VI,"IN,KY",3,PRACTITIONER - INTERNAL MEDICINE,https://npiregistry.cms.hhs.gov/provider-view/1083636930
1083656706,"AGLES, JOHN",VI,"FL,GA",3,PRACTITIONER - DIAGNOSTIC RADIOLOGY,https://npiregistry.cms.hhs.gov/provider-view/1083656706
1104438951,"COFFEY, STEPHANIE",VI,"MD,TX",3,PRACTITIONER - PHYSICAL THERAPIST IN PRIVATE PRACTICE,https://npiregistry.cms.hhs.gov/provider-view/1104438951
1104448513,"LLOYD, CAROLINE",VI,"CT,MA",3,PRACTITIONER - EMERGENCY MEDICINE,https://npiregistry.cms.hhs.gov/provider-view/1104448513
1104806595,"HILL, PATRICK",VI,"FL,WV",3,PRACTITIONER - DIAGNOSTIC RADIOLOGY,https://npiregistry.cms.hhs.gov/provider-view/1104806595
1104811488,"HOLM, MARILYN",VI,"AK,WA",3,PRACTITIONER - OPTOMETRY,https://npiregistry.cms.hhs.gov/provider-view/1104811488
1114211372,"CAMERON, RUSTIN",VI,"AZ,NM",3,PRACTITIONER - PHYSICIAN ASSISTANT,https://npiregistry.cms.hhs.gov/provider-view/1114211372
1114583036,"VEGA PARRA, PABLO",VI,"FL,KS",3,PRACTITIONER - EMERGENCY MEDICINE,https://npiregistry.cms.hhs.gov/provider-view/1114583036
1114934072,"WRIGHT, CARL",VI,"FL,VA",3,PRACTITIONER - PHYSICIAN ASSISTANT,https://npiregistry.cms.hhs.gov/provider-view/1114934072
1124445242,"MICKMAN, CARL",VI,"LA,TX",3,PRACTITIONER - EMERGENCY MEDICINE,https://npiregistry.cms.hhs.gov/provider-view/1124445242
1124567607,"BOSWELL, AARON",VI,"AR,TX",3,PRACTITIONER - NURSE PRACTITIONER,https://npiregistry.cms.hhs.gov/provider-view/1124567607
1134114481,"HODGDON, ALAN",VI,"FL,OH",3,PRACTITIONER - EMERGENCY MEDICINE,https://npiregistry.cms.hhs.gov/provider-view/1134114481
1144276858,"JUNN, EDWARD",VI,"OR,WA",3,PRACTITIONER - EMERGENCY MEDICINE,https://npiregistry.cms.hhs.gov/provider-view/1144276858
1154378073,"ANAND, DESH",VI,"MO,TX",3,PRACTITIONER - EMERGENCY MEDICINE,https://npiregistry.cms.hhs.gov/provider-view/1154378073
1164580726,"JACOBS, JESSICA",VI,"NH,VT",3,PRACTITIONER - PEDIATRIC MEDICINE,https://npiregistry.cms.hhs.gov/provider-view/1164580726
1164583001,"CHOWDHARY, YASHWANT",VI,"MS,TX",3,PRACTITIONER - INTERNAL MEDICINE,https://npiregistry.cms.hhs.gov/provider-view/1164583001
1164600128,"ONUGHA, OSITA",VI,"CA,MI",3,PRACTITIONER - CRITICAL CARE (INTENSIVISTS) | PRACTITIONER - THORACIC SURGERY,https://npiregistry.cms.hhs.gov/provider-view/1164600128
1164781811,"HENDRICKSON, JEFFERSON",VI,"DC,MD",3,PRACTITIONER - INTERNAL MEDICINE,https://npiregistry.cms.hhs.gov/provider-view/1164781811
1174994636,"LAJARA, ABRAHAM",VI,"FL,GA",3,PRACTITIONER - DIAGNOSTIC RADIOLOGY,https://npiregistry.cms.hhs.gov/provider-view/1174994636
1184851040,"MURRY, JASON",VI,"PA,TX",3,PRACTITIONER - CRITICAL CARE (INTENSIVISTS) | PRACTITIONER - GENERAL SURGERY,https://npiregistry.cms.hhs.gov/provider-view/1184851040
1205879202,"GIBSON, XUNDA",VI,"CA,FL",3,PRACTITIONER - INTERNAL MEDICINE,https://npiregistry.cms.hhs.gov/provider-view/1205879202
1215974746,"PAULSHOCK, CRAIG",VI,"FL,NH",3,PRACTITIONER - ANESTHESIOLOGY,https://npiregistry.cms.hhs.gov/provider-view/1215974746
1225026073,"MCKAY, DAVID",VI,"FL,GA",3,PRACTITIONER - INTERVENTIONAL RADIOLOGY,https://npiregistry.cms.hhs.gov/provider-view/1225026073
1225322803,"CARTIER, CAMERON",VI,"AK,WA",3,PRACTITIONER - ANESTHESIOLOGY,https://npiregistry.cms.hhs.gov/provider-view/1225322803
1235730276,"ASHLEY, CHRISTIN",VI,"MA,SC",3,PRACTITIONER - PHYSICAL THERAPIST IN PRIVATE PRACTICE,https://npiregistry.cms.hhs.gov/provider-view/1235730276
1245506328,"RONAYNE, JAMES",VI,"IL,SD",3,PRACTITIONER - PEDIATRIC MEDICINE,https://npiregistry.cms.hhs.gov/provider-view/1245506328
1245728591,"RITCHEY, ANDREW",VI,"FL,GA",3,PRACTITIONER - DIAGNOSTIC RADIOLOGY,https://npiregistry.cms.hhs.gov/provider-view/1245728591
1255426037,"MCBRIDE, DOUGLAS",VI,"AL,MS",3,PRACTITIONER - EMERGENCY MEDICINE,https://npiregistry.cms.hhs.gov/provider-view/1255426037
1255535779,"PRADNY, MATOUS",VI,"IN,MI",3,PRACTITIONER - HOSPITALIST | PRACTITIONER - INTERNAL MEDICINE,https://npiregistry.cms.hhs.gov/provider-view/1255535779
1255786034,"BOOKOUT, GREGORY",VI,"SC,TN",3,PRACTITIONER - EMERGENCY MEDICINE,https://npiregistry.cms.hhs.gov/provider-view/1255786034
1265873418,"RADULESCU, MIHAIL",VI,"IA,NY",3,PRACTITIONER - ORTHOPEDIC SURGERY,https://npiregistry.cms.hhs.gov/provider-view/1265873418
1285080135,"JONES, JENNIFER",VI,"CA,MA",3,PRACTITIONER - EMERGENCY MEDICINE,https://npiregistry.cms.hhs.gov/provider-view/1285080135
1306188073,"VARVARIKOS, JOHN",VI,"FL,GA",3,PRACTITIONER - DIAGNOSTIC RADIOLOGY,https://npiregistry.cms.hhs.gov/provider-view/1306188073
1306289798,"MORGAN, SEAN",VI,"DC,PA",3,PRACTITIONER - EMERGENCY MEDICINE,https://npiregistry.cms.hhs.gov/provider-view/1306289798
1316029515,"GUPTA, VANITA",VI,"NY,TX",3,PRACTITIONER - CRITICAL CARE (INTENSIVISTS) | PRACTITIONER - INTERNAL MEDICINE,https://npiregistry.cms.hhs.gov/provider-view/1316029515
1316172935,"KUNA, KALYAN",VI,"CA,TX",3,PRACTITIONER - ANESTHESIOLOGY,https://npiregistry.cms.hhs.gov/provider-view/1316172935
1316954860,"MARTIN, ROBERT",VI,"AR,TX",3,PRACTITIONER - EMERGENCY MEDICINE | PRACTITIONER - FAMILY PRACTICE,https://npiregistry.cms.hhs.gov/provider-view/1316954860
1326075649,"GALIBER, ANGELO",VI,"NJ,OH",3,PRACTITIONER - DIAGNOSTIC RADIOLOGY,https://npiregistry.cms.hhs.gov/provider-view/1326075649
1326082975,"SEVIGNY, STEPHEN",VI,"FL,GA",3,PRACTITIONER - DIAGNOSTIC RADIOLOGY,https://npiregistry.cms.hhs.gov/provider-view/1326082975
1326570094,"CARSWELL, TIMOTHY",VI,"FL,NM",3,PRACTITIONER - EMERGENCY MEDICINE,https://npiregistry.cms.hhs.gov/provider-view/1326570094
1336381391,"RATLIFF, DAVID",VI,"FL,GA",3,PRACTITIONER - DIAGNOSTIC RADIOLOGY | PRACTITIONER - INTERVENTIONAL RADIOLOGY,https://npiregistry.cms.hhs.gov/provider-view/1336381391
1336512946,"RODRIGUEZ CHALUISANT, ILIANNIE",VI,"FL,GA",3,PRACTITIONER - DIAGNOSTIC RADIOLOGY,https://npiregistry.cms.hhs.gov/provider-view/1336512946
1346229374,"GOE, CINDY",VI,"KS,MO",3,PRACTITIONER - CERTIFIED REGISTERED NURSE ANESTHETIST (CRNA),https://npiregistry.cms.hhs.gov/provider-view/1346229374
1346366903,"SULAYMAN, NASEEM",VI,"IL,MO",3,PRACTITIONER - CRITICAL CARE (INTENSIVISTS) | PRACTITIONER - PEDIATRIC MEDICINE,https://npiregistry.cms.hhs.gov/provider-view/1346366903
1346488061,"TAHA, MAHDI",VI,"FL,GA",3,PRACTITIONER - INTERNAL MEDICINE | PRACTITIONER - MEDICAL ONCOLOGY,https://npiregistry.cms.hhs.gov/provider-view/1346488061
1356431811,"WRIGHT-HUYGHUE, DEBRA",VI,"IN,WV",3,PRACTITIONER - OBSTETRICS/GYNECOLOGY,https://npiregistry.cms.hhs.gov/provider-view/1356431811
1356870638,"VUTESCU, EMIL",VI,"CA,OR",3,PRACTITIONER - ORTHOPEDIC SURGERY,https://npiregistry.cms.hhs.gov/provider-view/1356870638
1376689257,"RANDALL, JEROME",VI,"IL,WI",3,PRACTITIONER - PODIATRY,https://npiregistry.cms.hhs.gov/provider-view/1376689257
1376771675,"GREEN, MARK",VI,"GA,HI",3,PRACTITIONER - DIAGNOSTIC RADIOLOGY,https://npiregistry.cms.hhs.gov/provider-view/1376771675
1376874271,"DUMAS, ELIZABETH",VI,"AL,NC",3,PRACTITIONER - CERTIFIED REGISTERED NURSE ANESTHETIST (CRNA),https://npiregistry.cms.hhs.gov/provider-view/1376874271
1386675809,"ZISHOLTZ, TODD",VI,"GU,IL",3,PRACTITIONER - EMERGENCY MEDICINE | PRACTITIONER - FAMILY PRACTICE | PRACTITIONER - INTERNAL MEDICINE,https://npiregistry.cms.hhs.gov/provider-view/1386675809
1396038337,"TAIT, MELISSA",VI,"IL,WI",3,PRACTITIONER - PHYSICAL THERAPIST IN PRIVATE PRACTICE,https://npiregistry.cms.hhs.gov/provider-view/1396038337
1407084353,"CORDOVI, ADRIAN",VI,"CO,TX",3,PRACTITIONER - FAMILY PRACTICE,https://npiregistry.cms.hhs.gov/provider-view/1407084353
1427387745,"WILBER, BRADLEY",VI,"KS,MO",3,PRACTITIONER - CERTIFIED REGISTERED NURSE ANESTHETIST (CRNA),https://npiregistry.cms.hhs.gov/provider-view/1427387745
1437387669,"CUMMINGS, CAMERON",VI,"HI,WI",3,PRACTITIONER - DIAGNOSTIC RADIOLOGY,https://npiregistry.cms.hhs.gov/provider-view/1437387669
1437513942,"SCHRODT, CAROLINE",VI,"CA,GA",3,PRACTITIONER - EMERGENCY MEDICINE,https://npiregistry.cms.hhs.gov/provider-view/1437513942
1437713286,"LENAHAN, JOHN",VI,"AZ,TX",3,PRACTITIONER - FAMILY PRACTICE,https://npiregistry.cms.hhs.gov/provider-view/1437713286
1447662861,"UDLER, ILIYA",VI,"MS,TN",3,PRACTITIONER - INTERNAL MEDICINE,https://npiregistry.cms.hhs.gov/provider-view/1447662861
1457317547,"ALI, MICHAEL",VI,"CA,WA",3,PRACTITIONER - EMERGENCY MEDICINE,https://npiregistry.cms.hhs.gov/provider-view/1457317547
1457366247,"KLEMPEN, JEFFREY",VI,"NY,TN",3,PRACTITIONER - EMERGENCY MEDICINE,https://npiregistry.cms.hhs.gov/provider-view/1457366247
1457886046,"SOFIAK, CHASE",VI,"FL,GA",3,PRACTITIONER - DIAGNOSTIC RADIOLOGY,https://npiregistry.cms.hhs.gov/provider-view/1457886046
1467851634,"ETOKAKPAN, MBOUTIDEM",VI,"OH,PA",3,PRACTITIONER - GENERAL SURGERY,https://npiregistry.cms.hhs.gov/provider-view/1467851634
1477553865,"GONZALEZ-TRAPAGA, JUSTO",VI,"IL,MO",3,PRACTITIONER - NEPHROLOGY,https://npiregistry.cms.hhs.gov/provider-view/1477553865
1487622890,"HALLER, PAUL",VI,"MN,WI",3,PRACTITIONER - EMERGENCY MEDICINE,https://npiregistry.cms.hhs.gov/provider-view/1487622890
1487624607,"NICHOLS-BYLL, STACY",VI,"TX,VA",3,PRACTITIONER - PEDIATRIC MEDICINE,https://npiregistry.cms.hhs.gov/provider-view/1487624607
1487626032,"DEMERS, GERARD",VI,"CA,WI",3,PRACTITIONER - EMERGENCY MEDICINE,https://npiregistry.cms.hhs.gov/provider-view/1487626032
1487870168,"ATTEBERRY, SUZANNE",VI,"FL,TX",3,PRACTITIONER - EMERGENCY MEDICINE,https://npiregistry.cms.hhs.gov/provider-view/1487870168
1508499435,"BOYNE, KELSEY",VI,"CT,MA",3,PRACTITIONER - EMERGENCY MEDICINE,https://npiregistry.cms.hhs.gov/provider-view/1508499435
1518054535,"BOZORGMANESH, ALIREZA",VI,"FL,GA",3,PRACTITIONER - DIAGNOSTIC RADIOLOGY | PRACTITIONER - INTERVENTIONAL RADIOLOGY,https://npiregistry.cms.hhs.gov/provider-view/1518054535
1518067214,"SOUSLEY, MELISSA",VI,"TX,WA",3,PRACTITIONER - FAMILY PRACTICE,https://npiregistry.cms.hhs.gov/provider-view/1518067214
1518166354,"HENDERSON, MICHAEL",VI,"PA,TX",3,PRACTITIONER - CARDIOVASCULAR DISEASE (CARDIOLOGY),https://npiregistry.cms.hhs.gov/provider-view/1518166354
1528018496,"LARSON, SHANE",VI,"IA,UT",3,PRACTITIONER - ANESTHESIOLOGY,https://npiregistry.cms.hhs.gov/provider-view/1528018496
1528037074,"VAN GUNDY, KIMBERLY",VI,"KS,MO",3,PRACTITIONER - CERTIFIED REGISTERED NURSE ANESTHETIST (CRNA),https://npiregistry.cms.hhs.gov/provider-view/1528037074
1548611791,"SMITH, KARNESHA",VI,"DC,IL",3,PRACTITIONER - CLINICAL SOCIAL WORKER,https://npiregistry.cms.hhs.gov/provider-view/1548611791
1558705681,"BRADBURY, MARTI",VI,"HI,WA",3,PRACTITIONER - PHYSICAL THERAPIST IN PRIVATE PRACTICE,https://npiregistry.cms.hhs.gov/provider-view/1558705681
1568417228,"KINGSLOW, LESLIE",VI,"DC,MA",3,PRACTITIONER - PULMONARY DISEASE,https://npiregistry.cms.hhs.gov/provider-view/1568417228
1578517504,"LISDELL, LESLIE",VI,"AR,TX",3,PRACTITIONER - FAMILY PRACTICE | PRACTITIONER - INTERNAL MEDICINE,https://npiregistry.cms.hhs.gov/provider-view/1578517504
1578768156,"LOPER, TODD",VI,"FL,GA",3,PRACTITIONER - DIAGNOSTIC RADIOLOGY,https://npiregistry.cms.hhs.gov/provider-view/1578768156
1588050843,"ALIDINA, JASIM",VI,"FL,HI",3,PRACTITIONER - DIAGNOSTIC RADIOLOGY,https://npiregistry.cms.hhs.gov/provider-view/1588050843
1588079917,"FUCHS, TRAVIS",VI,"FL,GA",3,PRACTITIONER - DIAGNOSTIC RADIOLOGY,https://npiregistry.cms.hhs.gov/provider-view/1588079917
1588175392,"KUKUCKA, AMY",VI,"OH,WV",3,PRACTITIONER - NURSE PRACTITIONER,https://npiregistry.cms.hhs.gov/provider-view/1588175392
1588869192,"JEAN, GERALDINE",VI,"KY,NY",3,PRACTITIONER - OBSTETRICS/GYNECOLOGY,https://npiregistry.cms.hhs.gov/provider-view/1588869192
1598097883,"WILLIAMS, SARAH",VI,"MS,NY",3,PRACTITIONER - OBSTETRICS/GYNECOLOGY,https://npiregistry.cms.hhs.gov/provider-view/1598097883
1598724643,"KEIG, WILLIAM",VI,"MN,WI",3,PRACTITIONER - EMERGENCY MEDICINE,https://npiregistry.cms.hhs.gov/provider-view/1598724643
1609221985,"AVGUSH, SHARON",VI,"NY,TX",3,PRACTITIONER - FAMILY PRACTICE | PRACTITIONER - INTERNAL MEDICINE,https://npiregistry.cms.hhs.gov/provider-view/1609221985
1619362472,"ALEXANDER, KATIA",VI,"DC,MD",3,PRACTITIONER - EMERGENCY MEDICINE,https://npiregistry.cms.hhs.gov/provider-view/1619362472
1619962362,"LOVE, AARON",VI,"IL,TX",3,PRACTITIONER - EMERGENCY MEDICINE,https://npiregistry.cms.hhs.gov/provider-view/1619962362
1629097647,"STEELE, SHARON",VI,"KY,OH",3,PRACTITIONER - OBSTETRICS/GYNECOLOGY,https://npiregistry.cms.hhs.gov/provider-view/1629097647
1629314836,"WILLETT, KATHERINE",VI,"NC,SC",3,PRACTITIONER - NEUROLOGY,https://npiregistry.cms.hhs.gov/provider-view/1629314836
1639157290,"TAYLOR, ANDREW",VI,"NC,SC",3,PRACTITIONER - GENERAL SURGERY,https://npiregistry.cms.hhs.gov/provider-view/1639157290
1649487893,"BOURNE, AYINDE",VI,"VA,WV",3,PRACTITIONER - CRITICAL CARE (INTENSIVISTS),https://npiregistry.cms.hhs.gov/provider-view/1649487893
1649666413,"HAMDAN, MALIK",VI,"FL,WV",3,PRACTITIONER - PEDIATRIC MEDICINE,https://npiregistry.cms.hhs.gov/provider-view/1649666413
1659679322,"LEVINE, SHANKAR",VI,"MA,NH",3,PRACTITIONER - EMERGENCY MEDICINE,https://npiregistry.cms.hhs.gov/provider-view/1659679322
1669713483,"GOODHUE, BRIAN",VI,"FL,OH",3,PRACTITIONER - EMERGENCY MEDICINE,https://npiregistry.cms.hhs.gov/provider-view/1669713483
1679777197,"OAKLAND, DIANE",VI,"KS,MO",3,PRACTITIONER - CERTIFIED REGISTERED NURSE ANESTHETIST (CRNA),https://npiregistry.cms.hhs.gov/provider-view/1679777197
1689834012,"MIZE, CHARLES",VI,"AK,CT",3,PRACTITIONER - EMERGENCY MEDICINE,https://npiregistry.cms.hhs.gov/provider-view/1689834012
1699081042,"GIORDANO, GEOFFREY",VI,"IL,TX",3,PRACTITIONER - EMERGENCY MEDICINE,https://npiregistry.cms.hhs.gov/provider-view/1699081042
1699263400,"BRIONES, WILMA NATHALIE",VI,"CA,NY",3,PRACTITIONER - EMERGENCY MEDICINE,https://npiregistry.cms.hhs.gov/provider-view/1699263400
1699390732,"HARTMAN, BRITTANY",VI,"DC,WI",3,PRACTITIONER - EMERGENCY MEDICINE,https://npiregistry.cms.hhs.gov/provider-view/1699390732
1699733782,"BOLTON, GREGORY",VI,"NJ,PA",3,PRACTITIONER - OBSTETRICS/GYNECOLOGY,https://npiregistry.cms.hhs.gov/provider-view/1699733782
1699917625,"ARMSTRONG, ZACHARY",VI,"FL,KY",3,PRACTITIONER - EMERGENCY MEDICINE,https://npiregistry.cms.hhs.gov/provider-view/1699917625
1700866985,"STELNICKI, ERIC",VI,"FL,GA",3,PRACTITIONER - PLASTIC AND RECONSTRUCTIVE SURGERY,https://npiregistry.cms.hhs.gov/provider-view/1700866985
1700894474,"HO, EMMY",VI,"MN,WI",3,PRACTITIONER - ORTHOPEDIC SURGERY,https://npiregistry.cms.hhs.gov/provider-view/1700894474
1700971330,"PEREZ, ALBERTO",VI,"MA,VT",3,PRACTITIONER - EMERGENCY MEDICINE,https://npiregistry.cms.hhs.gov/provider-view/1700971330
1710208541,"BUTLER, JENNIFER",VI,"FL,KY",3,PRACTITIONER - INTERNAL MEDICINE,https://npiregistry.cms.hhs.gov/provider-view/1710208541
1710299003,"WHITING, STEVEN",VI,"AZ,CT",3,PRACTITIONER - EMERGENCY MEDICINE,https://npiregistry.cms.hhs.gov/provider-view/1710299003
1710914189,"ABDUR RAHMAN, JAMIL",VI,"CA,IL",3,PRACTITIONER - OBSTETRICS/GYNECOLOGY,https://npiregistry.cms.hhs.gov/provider-view/1710914189
1730178062,"HAMMER, DARCIE",VI,"DC,MD",3,PRACTITIONER - EMERGENCY MEDICINE,https://npiregistry.cms.hhs.gov/provider-view/1730178062
1740227313,"LAUCK, THOMAS",VI,"NY,OH",3,PRACTITIONER - EMERGENCY MEDICINE | PRACTITIONER - FAMILY PRACTICE,https://npiregistry.cms.hhs.gov/provider-view/1740227313
1740269158,"MENDOZA, MANUEL",VI,"MP,WI",3,PRACTITIONER - EMERGENCY MEDICINE,https://npiregistry.cms.hhs.gov/provider-view/1740269158
1750381893,"GRIFFITH, WAYMAN",VI,"DC,MD",3,PRACTITIONER - ANESTHESIOLOGY,https://npiregistry.cms.hhs.gov/provider-view/1750381893
1760056345,"HUSSIEN, SIHAM",VI,"DC,MD",3,PRACTITIONER - HOSPITALIST | PRACTITIONER - INTERNAL MEDICINE,https://npiregistry.cms.hhs.gov/provider-view/1760056345
1770014037,"STEPHENS, NICOLE",VI,"TN,VA",3,PRACTITIONER - OBSTETRICS/GYNECOLOGY,https://npiregistry.cms.hhs.gov/provider-view/1770014037
1780628339,"MILES, DANIEL",VI,"FL,GA",3,PRACTITIONER - DIAGNOSTIC RADIOLOGY | PRACTITIONER - INTERVENTIONAL RADIOLOGY,https://npiregistry.cms.hhs.gov/provider-view/1780628339
1780757401,"HAWS, KIRBY",VI,"FL,SC",3,PRACTITIONER - EMERGENCY MEDICINE,https://npiregistry.cms.hhs.gov/provider-view/1780757401
1790151116,"SHAH, BANKIM",VI,"NJ,NY",3,PRACTITIONER - INTERNAL MEDICINE,https://npiregistry.cms.hhs.gov/provider-view/1790151116
1790782613,"IVANOV, RADA",VI,"GU,IL",3,PRACTITIONER - CRITICAL CARE (INTENSIVISTS) | PRACTITIONER - PULMONARY DISEASE,https://npiregistry.cms.hhs.gov/provider-view/1790782613
1801181755,"DAVIS, CHRISTINE",VI,"FL,WA",3,PRACTITIONER - EMERGENCY MEDICINE,https://npiregistry.cms.hhs.gov/provider-view/1801181755
1801857149,"CANTO, CHRISTOPHER",VI,"GU,ME",3,PRACTITIONER - EMERGENCY MEDICINE,https://npiregistry.cms.hhs.gov/provider-view/1801857149
1811979503,"ARNETT, JACQUELINE",VI,"GA,MN",3,PRACTITIONER - CERTIFIED REGISTERED NURSE ANESTHETIST (CRNA),https://npiregistry.cms.hhs.gov/provider-view/1811979503
1821357633,"HEVERT, ELIZABETH",VI,"FL,GA",3,PRACTITIONER - DIAGNOSTIC RADIOLOGY | PRACTITIONER - INTERVENTIONAL RADIOLOGY,https://npiregistry.cms.hhs.gov/provider-view/1821357633
1831455153,"LIU, TIN YAN",VI,"DC,MD",3,PRACTITIONER - OPHTHALMOLOGY,https://npiregistry.cms.hhs.gov/provider-view/1831455153
1851551675,COMPREHENSIVE ORTHOPEDICS LLC,VI,FL,3,DME SUPPLIER - PHYSICIAN - GENERAL PRACTICE | PART B SUPPLIER - CLINIC/GROUP PRACTICE,https://npiregistry.cms.hhs.gov/provider-view/1851551675
1861464331,"COLE, MARIE",VI,"MI,TX",3,PRACTITIONER - PEDIATRIC MEDICINE,https://npiregistry.cms.hhs.gov/provider-view/1861464331
1861669186,"HALL, KANISHA",VI,"LA,TX",3,PRACTITIONER - ANESTHESIOLOGY,https://npiregistry.cms.hhs.gov/provider-view/1861669186
1861780488,"POWER, SARAH",VI,"FL,TX",3,PRACTITIONER - PHYSICIAN ASSISTANT,https://npiregistry.cms.hhs.gov/provider-view/1861780488
1871560813,"FRIEND, THERESA",VI,"NY,TX",3,PRACTITIONER - CERTIFIED NURSE MIDWIFE (CNM),https://npiregistry.cms.hhs.gov/provider-view/1871560813
1891727236,"ABDUR-RAHMAN, IDRIES",VI,"CA,IL",3,PRACTITIONER - OBSTETRICS/GYNECOLOGY,https://npiregistry.cms.hhs.gov/provider-view/1891727236
1902260706,"MAGARA, EMMANUEL",VI,"DC,FL",3,PRACTITIONER - DIAGNOSTIC RADIOLOGY,https://npiregistry.cms.hhs.gov/provider-view/1902260706
1912015140,"MALONE, THOMAS",VI,"AL,GA",3,PRACTITIONER - OBSTETRICS/GYNECOLOGY,https://npiregistry.cms.hhs.gov/provider-view/1912015140
1912360421,"FULLER, LARRY",VI,"FL,GA",3,PRACTITIONER - DIAGNOSTIC RADIOLOGY,https://npiregistry.cms.hhs.gov/provider-view/1912360421
1912931932,"JACOBS-EL, JAMIL",VI,"IL,NY",3,PRACTITIONER - ORTHOPEDIC SURGERY,https://npiregistry.cms.hhs.gov/provider-view/1912931932
1912932260,"KHOUZAM, MAGUED",VI,"IL,WV",3,PRACTITIONER - GENERAL SURGERY,https://npiregistry.cms.hhs.gov/provider-view/1912932260
1912948597,"SHAH, SYED",VI,"FL,NY",3,PRACTITIONER - GENERAL SURGERY,https://npiregistry.cms.hhs.gov/provider-view/1912948597
1912952284,"MESERVY, JARLE",VI,"RI,UT",3,PRACTITIONER - PSYCHIATRY,https://npiregistry.cms.hhs.gov/provider-view/1912952284
1922489996,"KATIRJI, LINDA",VI,"KY,OH",3,PRACTITIONER - EMERGENCY MEDICINE,https://npiregistry.cms.hhs.gov/provider-view/1922489996
1922567890,"ONDINA-DIAZ, PEDRO",VI,"FL,GA",3,PRACTITIONER - DIAGNOSTIC RADIOLOGY,https://npiregistry.cms.hhs.gov/provider-view/1922567890
1942207709,"GREEN, THOMAS",VI,"FL,GA",3,PRACTITIONER - DIAGNOSTIC RADIOLOGY | PRACTITIONER - INTERVENTIONAL RADIOLOGY,https://npiregistry.cms.hhs.gov/provider-view/1942207709
1942263090,"COTHRAN, JUDITH",VI,"IL,WI",3,PRACTITIONER - OBSTETRICS/GYNECOLOGY,https://npiregistry.cms.hhs.gov/provider-view/1942263090
1942276985,"KOLODCHAK, JENNIFER",VI,"FL,OK",3,PRACTITIONER - EMERGENCY MEDICINE,https://npiregistry.cms.hhs.gov/provider-view/1942276985
1942461678,"KILLELEA, ALISON",VI,"FL,MA",3,PRACTITIONER - EMERGENCY MEDICINE | PRACTITIONER - GENERAL PRACTICE,https://npiregistry.cms.hhs.gov/provider-view/1942461678
1942627161,"ERIKSSON, HANS",VI,"TX,WI",3,PRACTITIONER - EMERGENCY MEDICINE,https://npiregistry.cms.hhs.gov/provider-view/1942627161
1942697941,"TUTTLE, SHANNA",VI,"KS,MO",3,PRACTITIONER - CERTIFIED REGISTERED NURSE ANESTHETIST (CRNA),https://npiregistry.cms.hhs.gov/provider-view/1942697941
1952567372,"JONES, MAKEDA",VI,"NJ,NY",3,PRACTITIONER - PSYCHIATRY,https://npiregistry.cms.hhs.gov/provider-view/1952567372
1962427161,"SHAH, DINESH",VI,"IL,IN",3,PRACTITIONER - EMERGENCY MEDICINE | PRACTITIONER - INTERNAL MEDICINE,https://npiregistry.cms.hhs.gov/provider-view/1962427161
1962865923,"DOERFEL, JOHN",VI,"FL,PA",3,PRACTITIONER - ANESTHESIOLOGY,https://npiregistry.cms.hhs.gov/provider-view/1962865923
1972597334,"MARJARA, JETINDER",VI,"KS,MO",3,PRACTITIONER - INTERNAL MEDICINE,https://npiregistry.cms.hhs.gov/provider-view/1972597334
1982710117,"FRIAS, LUIS",VI,"NY,TX",3,PRACTITIONER - NEUROLOGY,https://npiregistry.cms.hhs.gov/provider-view/1982710117
1992724769,"ELLISON, STEVEN",VI,"GA,SC",3,PRACTITIONER - GASTROENTEROLOGY,https://npiregistry.cms.hhs.gov/provider-view/1992724769
1992796585,"JOHNSON, TROY",VI,"NY,TX",3,PRACTITIONER - EMERGENCY MEDICINE,https://npiregistry.cms.hhs.gov/provider-view/1992796585
1992904395,"KHAN, HAMMAD",VI,"CA,TX",3,PRACTITIONER - CARDIOVASCULAR DISEASE (CARDIOLOGY) | PRACTITIONER - INTERVENTIONAL CARDIOLOGY,https://npiregistry.cms.hhs.gov/provider-view/1992904395
1003048802,"FITZGERALD, KARIMA",VI,PA,2,PRACTITIONER - CRITICAL CARE (INTENSIVISTS) | PRACTITIONER - GENERAL SURGERY,https://npiregistry.cms.hhs.gov/provider-view/1003048802
1003966870,"NATH, DWARKA",VI,FL,2,PRACTITIONER - GASTROENTEROLOGY,https://npiregistry.cms.hhs.gov/provider-view/1003966870
1013012038,"CALHOON, SHANNAN",VI,TN,2,PRACTITIONER - NURSE PRACTITIONER,https://npiregistry.cms.hhs.gov/provider-view/1013012038
1013178862,"FARRELL-SEALEY, SHERLA",VI,MD,2,PRACTITIONER - NURSE PRACTITIONER,https://npiregistry.cms.hhs.gov/provider-view/1013178862
1023006855,"BARCKHAUSEN, RALF",VI,FL,2,PRACTITIONER - DIAGNOSTIC RADIOLOGY,https://npiregistry.cms.hhs.gov/provider-view/1023006855
1023008653,"SMITH, KIRK",VI,OK,2,PRACTITIONER - EMERGENCY MEDICINE | PRACTITIONER - FAMILY PRACTICE,https://npiregistry.cms.hhs.gov/provider-view/1023008653
1023018165,"STERLING, LEROY",VI,TX,2,PRACTITIONER - CARDIOVASCULAR DISEASE (CARDIOLOGY),https://npiregistry.cms.hhs.gov/provider-view/1023018165
1023079902,"MEADE, PETER",VI,CA,2,PRACTITIONER - GENERAL SURGERY,https://npiregistry.cms.hhs.gov/provider-view/1023079902
1023596418,"PAUL, CAMILLE",VI,MP,2,PRACTITIONER - PHYSICIAN ASSISTANT,https://npiregistry.cms.hhs.gov/provider-view/1023596418
1033221411,"BRUEFACH, TINA",VI,FL,2,PRACTITIONER - PHYSICIAN ASSISTANT,https://npiregistry.cms.hhs.gov/provider-view/1033221411
1033232848,"OGLE, SAMUEL",VI,FL,2,PRACTITIONER - GENERAL SURGERY,https://npiregistry.cms.hhs.gov/provider-view/1033232848
1033517057,"GOUT, ARIELLE",VI,WI,2,PRACTITIONER - OCCUPATIONAL THERAPIST IN PRIVATE PRACTICE,https://npiregistry.cms.hhs.gov/provider-view/1033517057
1033601778,"LEE, AMANDA",VI,TX,2,PRACTITIONER - QUALIFIED AUDIOLOGIST,https://npiregistry.cms.hhs.gov/provider-view/1033601778
1043388481,"CHULAMORKODT, NATAKOM",VI,AZ,2,PRACTITIONER - UROLOGY,https://npiregistry.cms.hhs.gov/provider-view/1043388481
1063663615,"NEGRON, WILFREDO",VI,GA,2,PRACTITIONER - OBSTETRICS/GYNECOLOGY,https://npiregistry.cms.hhs.gov/provider-view/1063663615
1063672665,"SEAVER, CHRISTOPHER",VI,FL,2,PRACTITIONER - GENERAL SURGERY,https://npiregistry.cms.hhs.gov/provider-view/1063672665
1063682086,"KUMAR, MUNISH",VI,IL,2,PRACTITIONER - PEDIATRIC MEDICINE,https://npiregistry.cms.hhs.gov/provider-view/1063682086
1063770469,"RATHI, SIDDARTH",VI,NY,2,PRACTITIONER - OPHTHALMOLOGY,https://npiregistry.cms.hhs.gov/provider-view/1063770469
1083118178,"MILAM, CLAIRE",VI,SC,2,PRACTITIONER - EMERGENCY MEDICINE,https://npiregistry.cms.hhs.gov/provider-view/1083118178
1083711790,PEDIATRIX MEDICAL GROUP OF FLORIDA INC,VI,FL,2,PART B SUPPLIER - CLINIC/GROUP PRACTICE,https://npiregistry.cms.hhs.gov/provider-view/1083711790
1083723753,"OLSEN, MARY",VI,TX,2,PRACTITIONER - RHEUMATOLOGY,https://npiregistry.cms.hhs.gov/provider-view/1083723753
1083864516,"SCHILLER, KRISTIN",VI,VT,2,PRACTITIONER - PHYSICIAN ASSISTANT,https://npiregistry.cms.hhs.gov/provider-view/1083864516
1093045973,"HICKMAN, CHERBRALE",VI,NY,2,PRACTITIONER - PEDIATRIC MEDICINE,https://npiregistry.cms.hhs.gov/provider-view/1093045973
1093723108,"GOURGY, DALIA",VI,CA,2,PRACTITIONER - ANESTHESIOLOGY,https://npiregistry.cms.hhs.gov/provider-view/1093723108
1093750820,"TONKIN, JOHN",VI,FL,2,PRACTITIONER - INTERVENTIONAL RADIOLOGY,https://npiregistry.cms.hhs.gov/provider-view/1093750820
1093805855,"BURNS, RICHARD",VI,NJ,2,PRACTITIONER - CRITICAL CARE (INTENSIVISTS) | PRACTITIONER - GENERAL SURGERY,https://npiregistry.cms.hhs.gov/provider-view/1093805855
1093939761,"LARSON, MARC",VI,HI,2,PRACTITIONER - PHYSICAL THERAPIST IN PRIVATE PRACTICE,https://npiregistry.cms.hhs.gov/provider-view/1093939761
1104017235,"AOUCHICHE, HAKIMA",VI,NY,2,PRACTITIONER - INTERNAL MEDICINE,https://npiregistry.cms.hhs.gov/provider-view/1104017235
1104273630,"TARSHIS, SAMANTHA",VI,TX,2,PRACTITIONER - EMERGENCY MEDICINE,https://npiregistry.cms.hhs.gov/provider-view/1104273630
1104890789,"TORRES MARTINEZ, ARTEMIO",VI,PR,2,PRACTITIONER - ORTHOPEDIC SURGERY,https://npiregistry.cms.hhs.gov/provider-view/1104890789
1114328697,"CRAWFORD, ADRIENNE",VI,GA,2,PRACTITIONER - CERTIFIED NURSE MIDWIFE (CNM) | PRACTITIONER - NURSE PRACTITIONER,https://npiregistry.cms.hhs.gov/provider-view/1114328697
1114960200,"SIRAGUSA, ROY",VI,FL,2,PRACTITIONER - DIAGNOSTIC RADIOLOGY | PRACTITIONER - INTERVENTIONAL RADIOLOGY,https://npiregistry.cms.hhs.gov/provider-view/1114960200
1124001284,"MCARDLE, JOHN",VI,CT,2,PRACTITIONER - CRITICAL CARE (INTENSIVISTS),https://npiregistry.cms.hhs.gov/provider-view/1124001284
1134149958,"KAPPENMAN, DAVID",VI,WY,2,PRACTITIONER - EMERGENCY MEDICINE | PRACTITIONER - FAMILY PRACTICE,https://npiregistry.cms.hhs.gov/provider-view/1134149958
1134211576,"CHASE, JEFFREY",VI,FL,2,PRACTITIONER - ORTHOPEDIC SURGERY,https://npiregistry.cms.hhs.gov/provider-view/1134211576
1134509615,AVON MEDICAL WELLNESS CENTER LLC,VI,CT,2,PART B SUPPLIER - CLINIC/GROUP PRACTICE,https://npiregistry.cms.hhs.gov/provider-view/1134509615
1144204900,"MORGAN, TAE",VI,NV,2,PRACTITIONER - HOSPITALIST | PRACTITIONER - INTERNAL MEDICINE,https://npiregistry.cms.hhs.gov/provider-view/1144204900
1144213372,"PILTZ SEYMOUR, JODY",VI,PA,2,PRACTITIONER - OPHTHALMOLOGY,https://npiregistry.cms.hhs.gov/provider-view/1144213372
1144291386,"JIMENEZ, LUIS",VI,FL,2,PRACTITIONER - DIAGNOSTIC RADIOLOGY,https://npiregistry.cms.hhs.gov/provider-view/1144291386
1144291527,"DUFFIN, TIMOTHY",VI,TN,2,PRACTITIONER - UROLOGY,https://npiregistry.cms.hhs.gov/provider-view/1144291527
1144324450,"LEE, DAVID",VI,NY,2,PRACTITIONER - EMERGENCY MEDICINE,https://npiregistry.cms.hhs.gov/provider-view/1144324450
1154516631,"NAWABI, SUHAILA",VI,LA,2,PRACTITIONER - INTERNAL MEDICINE,https://npiregistry.cms.hhs.gov/provider-view/1154516631
1164422705,"VICTOR, JANICE",VI,FL,2,PRACTITIONER - INTERVENTIONAL PAIN MANAGEMENT | PRACTITIONER - PAIN MANAGEMENT,https://npiregistry.cms.hhs.gov/provider-view/1164422705
1164488953,"ELIAS, BARBARA",VI,AZ,2,PRACTITIONER - PHYSICIAN ASSISTANT,https://npiregistry.cms.hhs.gov/provider-view/1164488953
1174558035,"PIERRE, EDGAR",VI,FL,2,PRACTITIONER - CRITICAL CARE (INTENSIVISTS),https://npiregistry.cms.hhs.gov/provider-view/1174558035
1184602930,"NEFF, ERIC",VI,TN,2,PRACTITIONER - ORTHOPEDIC SURGERY,https://npiregistry.cms.hhs.gov/provider-view/1184602930
1184629420,"MUAWWAD, RAFIK",VI,VA,2,PRACTITIONER - ORTHOPEDIC SURGERY,https://npiregistry.cms.hhs.gov/provider-view/1184629420
1184636904,"PAPO, HINA",VI,MI,2,PRACTITIONER - INTERNAL MEDICINE,https://npiregistry.cms.hhs.gov/provider-view/1184636904
1184664708,"DAVIS, NADINE",VI,MO,2,PRACTITIONER - CERTIFIED REGISTERED NURSE ANESTHETIST (CRNA),https://npiregistry.cms.hhs.gov/provider-view/1184664708
1184681025,"LINDSAY, LEARIE",VI,NY,2,PRACTITIONER - PEDIATRIC MEDICINE,https://npiregistry.cms.hhs.gov/provider-view/1184681025
1184696502,"MORVANT, JASON",VI,LA,2,PRACTITIONER - GENERAL SURGERY,https://npiregistry.cms.hhs.gov/provider-view/1184696502
1205329117,"COPPERMAN, PAUL",VI,CA,2,PRACTITIONER - EMERGENCY MEDICINE,https://npiregistry.cms.hhs.gov/provider-view/1205329117
1205368909,"AJAM, MUSTAFA",VI,OR,2,PRACTITIONER - CRITICAL CARE (INTENSIVISTS) | PRACTITIONER - INTERNAL MEDICINE,https://npiregistry.cms.hhs.gov/provider-view/1205368909
1205879301,"MORGAN, SIDNEY",VI,GA,2,PRACTITIONER - EMERGENCY MEDICINE,https://npiregistry.cms.hhs.gov/provider-view/1205879301
1215197983,"DAWISKIBA, MALGORZATA",VI,MA,2,PRACTITIONER - RHEUMATOLOGY,https://npiregistry.cms.hhs.gov/provider-view/1215197983
1215261417,"HOUSER, JAMIE",VI,TX,2,PRACTITIONER - OPTOMETRY,https://npiregistry.cms.hhs.gov/provider-view/1215261417
1225092794,"GRAHAM, RICHARD",VI,VA,2,PRACTITIONER - UROLOGY,https://npiregistry.cms.hhs.gov/provider-view/1225092794
1225120298,"THAKKER, DILIP",VI,MS,2,PRACTITIONER - HOSPITALIST | PRACTITIONER - INTERNAL MEDICINE,https://npiregistry.cms.hhs.gov/provider-view/1225120298
1225284037,"CONNER, MATTHEW",VI,TX,2,PRACTITIONER - EMERGENCY MEDICINE | PRACTITIONER - FAMILY PRACTICE,https://npiregistry.cms.hhs.gov/provider-view/1225284037
1225567597,"PAUL-CONSTANTIN, VINCENTIA",VI,GA,2,PRACTITIONER - MENTAL HEALTH COUNSELOR,https://npiregistry.cms.hhs.gov/provider-view/1225567597
1235128620,"CARBONELL, OSCAR",VI,FL,2,PRACTITIONER - DIAGNOSTIC RADIOLOGY | PRACTITIONER - INTERVENTIONAL RADIOLOGY,https://npiregistry.cms.hhs.gov/provider-view/1235128620
1235148750,"CATLETT, JENNIFER",VI,KY,2,PRACTITIONER - OBSTETRICS/GYNECOLOGY,https://npiregistry.cms.hhs.gov/provider-view/1235148750
1235799065,"SMETZER, BRYCE",VI,MD,2,PRACTITIONER - NURSE PRACTITIONER,https://npiregistry.cms.hhs.gov/provider-view/1235799065
1245220680,"FLOWERS, GEORGE",VI,NC,2,PRACTITIONER - ORTHOPEDIC SURGERY,https://npiregistry.cms.hhs.gov/provider-view/1245220680
1245273259,"MILES, STEVEN",VI,FL,2,PRACTITIONER - INTERVENTIONAL RADIOLOGY,https://npiregistry.cms.hhs.gov/provider-view/1245273259
1245285576,"BIRCH, NATHAN",VI,IA,2,PRACTITIONER - INTERNAL MEDICINE,https://npiregistry.cms.hhs.gov/provider-view/1245285576
1245694280,"PAYNE, ERIN",VI,GA,2,PRACTITIONER - EMERGENCY MEDICINE,https://npiregistry.cms.hhs.gov/provider-view/1245694280
1255376760,"MOEHLE, KIMBERLY",VI,MO,2,PRACTITIONER - CERTIFIED REGISTERED NURSE ANESTHETIST (CRNA),https://npiregistry.cms.hhs.gov/provider-view/1255376760
1255695482,"JIA, LI",VI,KS,2,PRACTITIONER - EMERGENCY MEDICINE,https://npiregistry.cms.hhs.gov/provider-view/1255695482
1265594980,"ESCOTT, SARAH",VI,NC,2,PRACTITIONER - OPHTHALMOLOGY,https://npiregistry.cms.hhs.gov/provider-view/1265594980
1275031619,"SUMMERS, LUCAS",VI,OH,2,PRACTITIONER - CHIROPRACTIC,https://npiregistry.cms.hhs.gov/provider-view/1275031619
1275252918,"KIM, BRITTANY",VI,FL,2,PRACTITIONER - PHYSICIAN ASSISTANT,https://npiregistry.cms.hhs.gov/provider-view/1275252918
1275826547,"BUCK, AMY",VI,TX,2,PRACTITIONER - NURSE PRACTITIONER,https://npiregistry.cms.hhs.gov/provider-view/1275826547
1285638676,"SOORTY, NAILA",VI,TX,2,PRACTITIONER - PEDIATRIC MEDICINE,https://npiregistry.cms.hhs.gov/provider-view/1285638676
1295704203,"GAFFNEY, WILLIS",VI,MI,2,PRACTITIONER - GENERAL PRACTICE | PRACTITIONER - GENERAL SURGERY,https://npiregistry.cms.hhs.gov/provider-view/1295704203
1295753481,"BROOMES, STEPHEN",VI,GA,2,PRACTITIONER - CRITICAL CARE (INTENSIVISTS) | PRACTITIONER - HOSPITALIST,https://npiregistry.cms.hhs.gov/provider-view/1295753481
1295767283,"INGRAM, MICHAEL",VI,MI,2,PRACTITIONER - PSYCHIATRY,https://npiregistry.cms.hhs.gov/provider-view/1295767283
1295863322,"THOMPSON, CHARLES",VI,FL,2,PRACTITIONER - INTERNAL MEDICINE,https://npiregistry.cms.hhs.gov/provider-view/1295863322
1306097100,"KNERL, ANDREW",VI,CO,2,PRACTITIONER - INTERNAL MEDICINE,https://npiregistry.cms.hhs.gov/provider-view/1306097100
1306100086,"HABTES, IMNETT",VI,NY,2,PRACTITIONER - PULMONARY DISEASE,https://npiregistry.cms.hhs.gov/provider-view/1306100086
1306378047,"BEETHAM, KRISTINE",VI,NY,2,PRACTITIONER - OBSTETRICS/GYNECOLOGY,https://npiregistry.cms.hhs.gov/provider-view/1306378047
1316208614,"MCLAUGHLIN, BARRETT",VI,VA,2,PRACTITIONER - EMERGENCY MEDICINE,https://npiregistry.cms.hhs.gov/provider-view/1316208614
1316380819,"LOPEZ, MARIO",VI,FL,2,PRACTITIONER - FAMILY PRACTICE | PRACTITIONER - INTERNAL MEDICINE,https://npiregistry.cms.hhs.gov/provider-view/1316380819
1316915697,"HUGHES, LAURA",VI,SD,2,PRACTITIONER - CLINICAL PSYCHOLOGIST,https://npiregistry.cms.hhs.gov/provider-view/1316915697
1326127523,"WORIAX, FREDRIC",VI,SC,2,PRACTITIONER - INTERNAL MEDICINE,https://npiregistry.cms.hhs.gov/provider-view/1326127523
1326676404,"DALEY, IVY",VI,FL,2,PRACTITIONER - GENERAL PRACTICE | PRACTITIONER - INTERNAL MEDICINE,https://npiregistry.cms.hhs.gov/provider-view/1326676404
1336231463,"DEJAMES, JOSEPH",VI,NY,2,PRACTITIONER - EMERGENCY MEDICINE,https://npiregistry.cms.hhs.gov/provider-view/1336231463
1336297043,"HARL, ERIC",VI,MN,2,PRACTITIONER - PHYSICIAN ASSISTANT,https://npiregistry.cms.hhs.gov/provider-view/1336297043
1336566330,"RIOTTI, JESSICA",VI,FL,2,PRACTITIONER - DIAGNOSTIC RADIOLOGY,https://npiregistry.cms.hhs.gov/provider-view/1336566330
1346213139,"DEFRANZO, KIMBERLY",VI,TX,2,PRACTITIONER - NURSE PRACTITIONER,https://npiregistry.cms.hhs.gov/provider-view/1346213139
1346221405,"CARTER, MARTHA",VI,TN,2,PRACTITIONER - ANESTHESIOLOGY,https://npiregistry.cms.hhs.gov/provider-view/1346221405
1346471125,"PENA, CECILIA",VI,FL,2,PRACTITIONER - ANESTHESIOLOGY,https://npiregistry.cms.hhs.gov/provider-view/1346471125
1346498730,"DEL RIO GARCIA, JUAN",VI,FL,2,PRACTITIONER - CRITICAL CARE (INTENSIVISTS) | PRACTITIONER - HOSPITALIST,https://npiregistry.cms.hhs.gov/provider-view/1346498730
1346876323,"DAWSON, BRITTANY",VI,TX,2,PRACTITIONER - CERTIFIED NURSE MIDWIFE (CNM),https://npiregistry.cms.hhs.gov/provider-view/1346876323
1356333843,"BACOT, BRIAN",VI,FL,2,PRACTITIONER - ORTHOPEDIC SURGERY,https://npiregistry.cms.hhs.gov/provider-view/1356333843
1366092272,"MACIEJKO, TESSE",VI,CO,2,PRACTITIONER - PHYSICAL THERAPIST IN PRIVATE PRACTICE,https://npiregistry.cms.hhs.gov/provider-view/1366092272
1366328254,"QUETEL, GABRIELLE",VI,TN,2,PRACTITIONER - PHYSICAL THERAPIST IN PRIVATE PRACTICE,https://npiregistry.cms.hhs.gov/provider-view/1366328254
1366430191,"CAIN, JOHN",VI,FL,2,PRACTITIONER - DIAGNOSTIC RADIOLOGY,https://npiregistry.cms.hhs.gov/provider-view/1366430191
1366441438,"BURSE, LUTHER",VI,GA,2,PRACTITIONER - GASTROENTEROLOGY,https://npiregistry.cms.hhs.gov/provider-view/1366441438
1366483448,"SCHMIDT, JAMIE",VI,FL,2,PRACTITIONER - PHYSICIAN ASSISTANT,https://npiregistry.cms.hhs.gov/provider-view/1366483448
1366488439,"HOPKINS, CHRISTI",VI,TN,2,PRACTITIONER - CERTIFIED REGISTERED NURSE ANESTHETIST (CRNA),https://npiregistry.cms.hhs.gov/provider-view/1366488439
1376506634,"MELTON, RODGER",VI,SC,2,PRACTITIONER - NURSE PRACTITIONER,https://npiregistry.cms.hhs.gov/provider-view/1376506634
1376681536,"LEON-ROSEN, JONATHAN",VI,FL,2,PRACTITIONER - OPHTHALMOLOGY,https://npiregistry.cms.hhs.gov/provider-view/1376681536
1386007664,"HAMBRECHT, RUTH",VI,FL,2,PRACTITIONER - EMERGENCY MEDICINE,https://npiregistry.cms.hhs.gov/provider-view/1386007664
1386607810,"KUCK, CHERYL",VI,OH,2,PRACTITIONER - PEDIATRIC MEDICINE,https://npiregistry.cms.hhs.gov/provider-view/1386607810
1386757631,"HELLEIN, VASHTI",VI,FL,2,PRACTITIONER - DIAGNOSTIC RADIOLOGY,https://npiregistry.cms.hhs.gov/provider-view/1386757631
1386790707,"RIVERA, ALFREDO",VI,PR,2,PRACTITIONER - ANESTHESIOLOGY,https://npiregistry.cms.hhs.gov/provider-view/1386790707
1396077137,"LANDRUM, CARIE",VI,AR,2,PRACTITIONER - NURSE PRACTITIONER,https://npiregistry.cms.hhs.gov/provider-view/1396077137
1396166344,"SENAT, JUNIOR",VI,MA,2,PRACTITIONER - CERTIFIED REGISTERED NURSE ANESTHETIST (CRNA),https://npiregistry.cms.hhs.gov/provider-view/1396166344
1396237731,BEAUTIFUL DREAMERS,VI,GA,2,PART B SUPPLIER - CLINIC/GROUP PRACTICE,https://npiregistry.cms.hhs.gov/provider-view/1396237731
1396755757,"LENTZ, JEFFREY",VI,FL,2,PRACTITIONER - ANESTHESIOLOGY,https://npiregistry.cms.hhs.gov/provider-view/1396755757
1407837966,"PORRO VIZCARRA, RAUL",VI,DE,2,PRACTITIONER - ANESTHESIOLOGY,https://npiregistry.cms.hhs.gov/provider-view/1407837966
1417439985,"RIKER, MICHELLE",VI,CA,2,PRACTITIONER - OCCUPATIONAL THERAPIST IN PRIVATE PRACTICE,https://npiregistry.cms.hhs.gov/provider-view/1417439985
1427050285,"RUBIN, MICHAEL",VI,MS,2,PRACTITIONER - CARDIOVASCULAR DISEASE (CARDIOLOGY) | PRACTITIONER - INTERNAL MEDICINE,https://npiregistry.cms.hhs.gov/provider-view/1427050285
1427161157,"FLAGG, ARTEMUS",VI,LA,2,PRACTITIONER - PAIN MANAGEMENT,https://npiregistry.cms.hhs.gov/provider-view/1427161157
1427587013,"DUMONT, NORA",VI,NY,2,PRACTITIONER - PEDIATRIC MEDICINE,https://npiregistry.cms.hhs.gov/provider-view/1427587013
1437145265,"DANKS, BRANDEE",VI,ND,2,PRACTITIONER - PHYSICIAN ASSISTANT,https://npiregistry.cms.hhs.gov/provider-view/1437145265
1437171238,"SPORL, LAURA",VI,WA,2,PRACTITIONER - OBSTETRICS/GYNECOLOGY,https://npiregistry.cms.hhs.gov/provider-view/1437171238
1437530169,"WATLINGTON, AMANDA",VI,AR,2,PRACTITIONER - EMERGENCY MEDICINE,https://npiregistry.cms.hhs.gov/provider-view/1437530169
1457343212,"BOWERS, JANETTE",VI,AZ,2,PRACTITIONER - NURSE PRACTITIONER,https://npiregistry.cms.hhs.gov/provider-view/1457343212
1457363285,"REZNICSEK, DANIELLE",VI,FL,2,PRACTITIONER - EMERGENCY MEDICINE | PRACTITIONER - PEDIATRIC MEDICINE,https://npiregistry.cms.hhs.gov/provider-view/1457363285
1457422867,"NATALONI, PAUL",VI,NY,2,PRACTITIONER - ANESTHESIOLOGY,https://npiregistry.cms.hhs.gov/provider-view/1457422867
1467451583,"ROBERTS, AVA",VI,CO,2,PRACTITIONER - PODIATRY,https://npiregistry.cms.hhs.gov/provider-view/1467451583
1467504415,"CANADY, JEROME",VI,DC,2,PRACTITIONER - GENERAL SURGERY,https://npiregistry.cms.hhs.gov/provider-view/1467504415
1467576330,"THOMAS, WINSTON",VI,NY,2,PRACTITIONER - ANESTHESIOLOGY | PRACTITIONER - CRITICAL CARE (INTENSIVISTS),https://npiregistry.cms.hhs.gov/provider-view/1467576330
1467860460,"REVERON-ARIAS, CAROLINA",VI,MA,2,PRACTITIONER - DIAGNOSTIC RADIOLOGY,https://npiregistry.cms.hhs.gov/provider-view/1467860460
1467864488,"BAKAR, JENNIFER",VI,LA,2,PRACTITIONER - EMERGENCY MEDICINE | PRACTITIONER - FAMILY PRACTICE,https://npiregistry.cms.hhs.gov/provider-view/1467864488
1467894808,"SINGH, VINODKUMAR",VI,AL,2,PRACTITIONER - ANESTHESIOLOGY,https://npiregistry.cms.hhs.gov/provider-view/1467894808
1477725547,"DELUHERY, MATTHEW",VI,WI,2,PRACTITIONER - EMERGENCY MEDICINE,https://npiregistry.cms.hhs.gov/provider-view/1477725547
1487109294,"PLACE, ANDREW",VI,PA,2,PRACTITIONER - PHYSICAL THERAPIST IN PRIVATE PRACTICE,https://npiregistry.cms.hhs.gov/provider-view/1487109294
1487628376,"SIMS, TOMMY",VI,NC,2,PRACTITIONER - PHYSICIAN ASSISTANT,https://npiregistry.cms.hhs.gov/provider-view/1487628376
1487738308,"RUCKER, GAIL",VI,DC,2,PRACTITIONER - PODIATRY,https://npiregistry.cms.hhs.gov/provider-view/1487738308
1487739157,"MATTEVI, PATRICIA",VI,OH,2,PRACTITIONER - EMERGENCY MEDICINE,https://npiregistry.cms.hhs.gov/provider-view/1487739157
1497103121,"MARTINEZ, ZOPHIA",VI,FL,2,PRACTITIONER - DIAGNOSTIC RADIOLOGY,https://npiregistry.cms.hhs.gov/provider-view/1497103121
1497116859,"WILLIAMS, SARAH",VI,OH,2,PRACTITIONER - NURSE PRACTITIONER,https://npiregistry.cms.hhs.gov/provider-view/1497116859
1497149462,"AGUILERA, ANTONIO",VI,FL,2,PRACTITIONER - DIAGNOSTIC RADIOLOGY,https://npiregistry.cms.hhs.gov/provider-view/1497149462
1497157911,"ADKINS, SHERLONDA",VI,SC,2,PRACTITIONER - PHYSICIAN ASSISTANT,https://npiregistry.cms.hhs.gov/provider-view/1497157911
1497788400,"NUNLEE-BLAND, GAIL",VI,DC,2,PRACTITIONER - ENDOCRINOLOGY | PRACTITIONER - PEDIATRIC MEDICINE,https://npiregistry.cms.hhs.gov/provider-view/1497788400
1497860399,"ZBARCEA, GRATIELA",VI,MD,2,PRACTITIONER - PSYCHIATRY,https://npiregistry.cms.hhs.gov/provider-view/1497860399
1497863096,"ALEXIANU, MIHAI",VI,PA,2,PRACTITIONER - UROLOGY,https://npiregistry.cms.hhs.gov/provider-view/1497863096
1497955652,"CHIEN, YUI",VI,FL,2,PRACTITIONER - OPHTHALMOLOGY,https://npiregistry.cms.hhs.gov/provider-view/1497955652
1508062894,"CROMIE, JAMES",VI,MT,2,PRACTITIONER - GENERAL SURGERY,https://npiregistry.cms.hhs.gov/provider-view/1508062894
1508181710,"YADAM, SUMAN",VI,PA,2,PRACTITIONER - CRITICAL CARE (INTENSIVISTS) | PRACTITIONER - PULMONARY DISEASE,https://npiregistry.cms.hhs.gov/provider-view/1508181710
1508809625,"WHITAKER, LEE",VI,AL,2,PRACTITIONER - FAMILY PRACTICE,https://npiregistry.cms.hhs.gov/provider-view/1508809625
1508864844,"SAYAN, AHMET",VI,ME,2,PRACTITIONER - CARDIOVASCULAR DISEASE (CARDIOLOGY) | PRACTITIONER - INTERNAL MEDICINE,https://npiregistry.cms.hhs.gov/provider-view/1508864844
1518164730,"RODRIGUEZ, YANIRA",VI,TX,2,PRACTITIONER - OPTOMETRY,https://npiregistry.cms.hhs.gov/provider-view/1518164730
1518233444,"RASHAD, ANGENETTE",VI,FL,2,PRACTITIONER - EMERGENCY MEDICINE,https://npiregistry.cms.hhs.gov/provider-view/1518233444
1518904937,"WATTY, HUBERT",VI,OK,2,PRACTITIONER - FAMILY PRACTICE,https://npiregistry.cms.hhs.gov/provider-view/1518904937
1518938695,"SHIMA, THOMAS",VI,TX,2,PRACTITIONER - FAMILY PRACTICE | PRACTITIONER - INTERNAL MEDICINE,https://npiregistry.cms.hhs.gov/provider-view/1518938695
1528018769,"MOORMAN, GREGORY",VI,CO,2,PRACTITIONER - PLASTIC AND RECONSTRUCTIVE SURGERY,https://npiregistry.cms.hhs.gov/provider-view/1528018769
1528037975,"DAVIS, CORNELIUS",VI,TX,2,PRACTITIONER - CARDIOVASCULAR DISEASE (CARDIOLOGY) | PRACTITIONER - THORACIC SURGERY,https://npiregistry.cms.hhs.gov/provider-view/1528037975
1528212750,"JACOBOWITZ, ADAM",VI,FL,2,PRACTITIONER - OPHTHALMOLOGY,https://npiregistry.cms.hhs.gov/provider-view/1528212750
1528332525,"ALBRECHT, BRANDON",VI,MO,2,PRACTITIONER - CERTIFIED REGISTERED NURSE ANESTHETIST (CRNA),https://npiregistry.cms.hhs.gov/provider-view/1528332525
1528359460,"WELLS, CARLIANNE",VI,FL,2,PRACTITIONER - PHYSICIAN ASSISTANT,https://npiregistry.cms.hhs.gov/provider-view/1528359460
1528406295,"MENKIN SMITH, LACEY",VI,SC,2,PRACTITIONER - EMERGENCY MEDICINE,https://npiregistry.cms.hhs.gov/provider-view/1528406295
1528789823,"HOPE, ANNABELLE",VI,KS,2,PRACTITIONER - OCCUPATIONAL THERAPIST IN PRIVATE PRACTICE,https://npiregistry.cms.hhs.gov/provider-view/1528789823
1538137633,"FISCHER, MICHAEL",VI,AR,2,PRACTITIONER - INTERNAL MEDICINE,https://npiregistry.cms.hhs.gov/provider-view/1538137633
1538173141,"FLOWER, ELIZABETH",VI,CA,2,PRACTITIONER - FAMILY PRACTICE,https://npiregistry.cms.hhs.gov/provider-view/1538173141
1538401583,"MURDOCK, JENNIFER",VI,FL,2,PRACTITIONER - OPHTHALMOLOGY,https://npiregistry.cms.hhs.gov/provider-view/1538401583
1558457713,"BITTLES, MICHAEL",VI,ND,2,PRACTITIONER - GENERAL SURGERY,https://npiregistry.cms.hhs.gov/provider-view/1558457713
1558789115,"DIENES, SPENCER",VI,FL,2,PRACTITIONER - DIAGNOSTIC RADIOLOGY,https://npiregistry.cms.hhs.gov/provider-view/1558789115
1568752103,"DAS, NIRAV",VI,TX,2,PRACTITIONER - DIAGNOSTIC RADIOLOGY,https://npiregistry.cms.hhs.gov/provider-view/1568752103
1578519369,"HARTMANN, DANIEL",VI,GU,2,PRACTITIONER - EMERGENCY MEDICINE | PRACTITIONER - FAMILY PRACTICE,https://npiregistry.cms.hhs.gov/provider-view/1578519369
1578543583,"SCHUGEL, JOACHIM",VI,MN,2,PRACTITIONER - EMERGENCY MEDICINE,https://npiregistry.cms.hhs.gov/provider-view/1578543583
1578573010,"SARKAR, SOUMITRA",VI,CA,2,PRACTITIONER - INTERNAL MEDICINE,https://npiregistry.cms.hhs.gov/provider-view/1578573010
1578766408,PHOENIX DIAGNOSTIC ENTERPRISES PLLC,VI,TX,2,PART B SUPPLIER - CLINIC/GROUP PRACTICE,https://npiregistry.cms.hhs.gov/provider-view/1578766408
1588138663,"ROTHENGASS, NICHOLLE",VI,FL,2,PRACTITIONER - PHYSICIAN ASSISTANT,https://npiregistry.cms.hhs.gov/provider-view/1588138663
1588697288,"TOMESCU, MONA",VI,TN,2,PRACTITIONER - INTERNAL MEDICINE,https://npiregistry.cms.hhs.gov/provider-view/1588697288
1588911614,"GODDERZ, KATRINA",VI,OR,2,PRACTITIONER - EMERGENCY MEDICINE,https://npiregistry.cms.hhs.gov/provider-view/1588911614
1598731838,"MYERS, JOHN",VI,PA,2,PRACTITIONER - OBSTETRICS/GYNECOLOGY,https://npiregistry.cms.hhs.gov/provider-view/1598731838
1609224575,"BROWN, ZACHARY",VI,CO,2,PRACTITIONER - INTERNAL MEDICINE,https://npiregistry.cms.hhs.gov/provider-view/1609224575
1619125390,"GOLOFF, JACK",VI,FL,2,PRACTITIONER - PAIN MANAGEMENT,https://npiregistry.cms.hhs.gov/provider-view/1619125390
1619219102,"KORN, MICHELLE",VI,NV,2,PRACTITIONER - PEDIATRIC MEDICINE,https://npiregistry.cms.hhs.gov/provider-view/1619219102
1619990108,"BLUM, STEVEN",VI,OR,2,PRACTITIONER - HOSPITALIST | PRACTITIONER - INTERNAL MEDICINE,https://npiregistry.cms.hhs.gov/provider-view/1619990108
1629030077,"MCMULLAN, FRANCES",VI,GA,2,PRACTITIONER - OPHTHALMOLOGY,https://npiregistry.cms.hhs.gov/provider-view/1629030077
1629034483,"VENTURA TAVARES, HUGO",VI,FL,2,PRACTITIONER - INTERNAL MEDICINE,https://npiregistry.cms.hhs.gov/provider-view/1629034483
1629045000,"SKULEMOWSKI, PATRICK",VI,TX,2,PRACTITIONER - OBSTETRICS/GYNECOLOGY,https://npiregistry.cms.hhs.gov/provider-view/1629045000
1629397708,"QUINONES, LUIS",VI,GA,2,PRACTITIONER - GENERAL SURGERY,https://npiregistry.cms.hhs.gov/provider-view/1629397708
1629555941,"SPANGLER, ERIN",VI,SC,2,PRACTITIONER - NURSE PRACTITIONER,https://npiregistry.cms.hhs.gov/provider-view/1629555941
1639178866,"RICHTER, GARY",VI,GA,2,PRACTITIONER - GASTROENTEROLOGY,https://npiregistry.cms.hhs.gov/provider-view/1639178866
1639254386,"BURNETT, KAREN",VI,CO,2,PRACTITIONER - FAMILY PRACTICE,https://npiregistry.cms.hhs.gov/provider-view/1639254386
1639381189,"ALLETAG, MICHELLE",VI,TX,2,PRACTITIONER - PEDIATRIC MEDICINE,https://npiregistry.cms.hhs.gov/provider-view/1639381189
1639426802,THE RUBIN HEART CLINIC LLC,VI,TN,2,PART B SUPPLIER - CLINIC/GROUP PRACTICE,https://npiregistry.cms.hhs.gov/provider-view/1639426802
1649292640,"ROHLOFF, WALTER",VI,NM,2,PRACTITIONER - NEPHROLOGY,https://npiregistry.cms.hhs.gov/provider-view/1649292640
1659518926,"CLARK, DAVID",VI,VA,2,PRACTITIONER - EMERGENCY MEDICINE,https://npiregistry.cms.hhs.gov/provider-view/1659518926
1659935716,"LEROUX, DIANA",VI,MI,2,PRACTITIONER - NURSE PRACTITIONER,https://npiregistry.cms.hhs.gov/provider-view/1659935716
1669431144,"MILLER, RHONDA",VI,IN,2,PRACTITIONER - OBSTETRICS/GYNECOLOGY,https://npiregistry.cms.hhs.gov/provider-view/1669431144
1669565636,"ABATE, GERARD",VI,VA,2,PRACTITIONER - INTERNAL MEDICINE,https://npiregistry.cms.hhs.gov/provider-view/1669565636
1669586293,"CONSTANTINE, CARL",VI,IA,2,PRACTITIONER - INTERNAL MEDICINE,https://npiregistry.cms.hhs.gov/provider-view/1669586293
1669676979,"REYES MERCADO, LUIS",VI,TX,2,PRACTITIONER - EMERGENCY MEDICINE,https://npiregistry.cms.hhs.gov/provider-view/1669676979
1669739173,"CAPOSOLE, MICHAEL",VI,FL,2,PRACTITIONER - GENERAL SURGERY,https://npiregistry.cms.hhs.gov/provider-view/1669739173
1679591390,"BELL, BRENT",VI,MO,2,PRACTITIONER - CRITICAL CARE (INTENSIVISTS),https://npiregistry.cms.hhs.gov/provider-view/1679591390
1689810491,"SAGIV, OFER",VI,CT,2,PRACTITIONER - CARDIOVASCULAR DISEASE (CARDIOLOGY),https://npiregistry.cms.hhs.gov/provider-view/1689810491
1689900466,"COOPER, BRYAN",VI,WA,2,PRACTITIONER - NURSE PRACTITIONER,https://npiregistry.cms.hhs.gov/provider-view/1689900466
1699747261,"RANDOLPH, VICTOR",VI,FL,2,PRACTITIONER - EMERGENCY MEDICINE | PRACTITIONER - FAMILY PRACTICE,https://npiregistry.cms.hhs.gov/provider-view/1699747261
1699882381,"HANZEL, RICKI",VI,FL,2,PRACTITIONER - PHYSICAL THERAPIST IN PRIVATE PRACTICE,https://npiregistry.cms.hhs.gov/provider-view/1699882381
1700059417,"HAYNES, COLEEN",VI,HI,2,PRACTITIONER - FAMILY PRACTICE | PRACTITIONER - INTERNAL MEDICINE,https://npiregistry.cms.hhs.gov/provider-view/1700059417
1700375839,"MERICA, JILLIAN",VI,NC,2,PRACTITIONER - EMERGENCY MEDICINE,https://npiregistry.cms.hhs.gov/provider-view/1700375839
1710185079,"MCCANLESS, LISE",VI,FL,2,PRACTITIONER - NURSE PRACTITIONER,https://npiregistry.cms.hhs.gov/provider-view/1710185079
1710304977,"SAMDANI, SHEEMA",VI,TX,2,PRACTITIONER - EMERGENCY MEDICINE,https://npiregistry.cms.hhs.gov/provider-view/1710304977
1710710223,"LINGG, HANNAH",VI,OH,2,PRACTITIONER - NURSE PRACTITIONER,https://npiregistry.cms.hhs.gov/provider-view/1710710223
1710968060,"GRIFFITH, KENDALL",VI,GA,2,PRACTITIONER - CARDIOVASCULAR DISEASE (CARDIOLOGY) | PRACTITIONER - INTERVENTIONAL CARDIOLOGY,https://npiregistry.cms.hhs.gov/provider-view/1710968060
1720270432,MOORMAN AESTHETIC CENTER PC,VI,CO,2,PART B SUPPLIER - CLINIC/GROUP PRACTICE,https://npiregistry.cms.hhs.gov/provider-view/1720270432
1720391568,"MASHAYEKH, AMENEH",VI,FL,2,PRACTITIONER - DIAGNOSTIC RADIOLOGY,https://npiregistry.cms.hhs.gov/provider-view/1720391568
1720435019,"HAYS, CATHERINE",VI,FL,2,PRACTITIONER - FAMILY PRACTICE,https://npiregistry.cms.hhs.gov/provider-view/1720435019
1730276247,"KNUTSON, CLARK",VI,OH,2,PRACTITIONER - HOSPITALIST | PRACTITIONER - PEDIATRIC MEDICINE,https://npiregistry.cms.hhs.gov/provider-view/1730276247
1730594714,"ASHBY, TALITHA",VI,GA,2,PRACTITIONER - EMERGENCY MEDICINE,https://npiregistry.cms.hhs.gov/provider-view/1730594714
1730609603,"RIBARCHIK, KRISTIN",VI,PA,2,PRACTITIONER - PHYSICAL THERAPIST IN PRIVATE PRACTICE,https://npiregistry.cms.hhs.gov/provider-view/1730609603
1740396845,"POLYNICE, ALAIN",VI,NY,2,PRACTITIONER - PLASTIC AND RECONSTRUCTIVE SURGERY,https://npiregistry.cms.hhs.gov/provider-view/1740396845
1740558410,"TERRIBLE, SARAH",VI,GA,2,PRACTITIONER - OCCUPATIONAL THERAPIST IN PRIVATE PRACTICE,https://npiregistry.cms.hhs.gov/provider-view/1740558410
1770752594,"FREEMAN, KATHERINE",VI,NY,2,PRACTITIONER - GASTROENTEROLOGY,https://npiregistry.cms.hhs.gov/provider-view/1770752594
1770834012,"THIRSTRUP, LARRY",VI,LA,2,PRACTITIONER - INTERNAL MEDICINE,https://npiregistry.cms.hhs.gov/provider-view/1770834012
1780655498,"BERNARD, JACQUELINE",VI,FL,2,PRACTITIONER - DIAGNOSTIC RADIOLOGY,https://npiregistry.cms.hhs.gov/provider-view/1780655498
1780776328,"MARWAH, GURJIT",VI,CA,2,PRACTITIONER - PEDIATRIC MEDICINE,https://npiregistry.cms.hhs.gov/provider-view/1780776328
1780818633,"CHRISTIAN, ASARE",VI,PA,2,PRACTITIONER - PAIN MANAGEMENT | PRACTITIONER - PHYSICAL MEDICINE AND REHABILITATION,https://npiregistry.cms.hhs.gov/provider-view/1780818633
1780896829,"PAULSON, STEPHEN",VI,TX,2,PRACTITIONER - EMERGENCY MEDICINE,https://npiregistry.cms.hhs.gov/provider-view/1780896829
1790072346,"COMFORT, WILLIAM",VI,CO,2,PRACTITIONER - EMERGENCY MEDICINE,https://npiregistry.cms.hhs.gov/provider-view/1790072346
1790120202,"BEE, CARSON",VI,AL,2,PRACTITIONER - OPHTHALMOLOGY,https://npiregistry.cms.hhs.gov/provider-view/1790120202
1790199982,"BELK, JOHN",VI,FL,2,PRACTITIONER - FAMILY PRACTICE,https://npiregistry.cms.hhs.gov/provider-view/1790199982
1790217446,"DALY, CHRISTOPHER",VI,SC,2,PRACTITIONER - PEDIATRIC MEDICINE,https://npiregistry.cms.hhs.gov/provider-view/1790217446
1790878338,"YANNI, LISA",VI,NC,2,PRACTITIONER - CHIROPRACTIC,https://npiregistry.cms.hhs.gov/provider-view/1790878338
1790972396,"STOCKTON, PETER",VI,AZ,2,PRACTITIONER - EMERGENCY MEDICINE,https://npiregistry.cms.hhs.gov/provider-view/1790972396
1811910516,"BROWN, PAMELA",VI,NC,2,PRACTITIONER - EMERGENCY MEDICINE | PRACTITIONER - FAMILY PRACTICE,https://npiregistry.cms.hhs.gov/provider-view/1811910516
1811949787,"OLSON, ARTHUR",VI,MN,2,PRACTITIONER - EMERGENCY MEDICINE | PRACTITIONER - FAMILY PRACTICE,https://npiregistry.cms.hhs.gov/provider-view/1811949787
1811999584,"WORTH, ROBERT",VI,WI,2,PRACTITIONER - PHYSICAL THERAPIST IN PRIVATE PRACTICE,https://npiregistry.cms.hhs.gov/provider-view/1811999584
1821259268,"UCCELLO, ALISON",VI,NY,2,PRACTITIONER - INTERNAL MEDICINE,https://npiregistry.cms.hhs.gov/provider-view/1821259268
1831277250,"HALY, EMILY",VI,FL,2,PRACTITIONER - INTERNAL MEDICINE,https://npiregistry.cms.hhs.gov/provider-view/1831277250
1831403393,"HORNE, SARAH",VI,TN,2,PRACTITIONER - PHYSICAL THERAPIST IN PRIVATE PRACTICE,https://npiregistry.cms.hhs.gov/provider-view/1831403393
1831553528,"SABLABAN, IBRAHIM",VI,MI,2,PRACTITIONER - INTERNAL MEDICINE | PRACTITIONER - PSYCHIATRY,https://npiregistry.cms.hhs.gov/provider-view/1831553528
1831626712,"SOOKHOO, BENJAMIN",VI,FL,2,PRACTITIONER - ORTHOPEDIC SURGERY,https://npiregistry.cms.hhs.gov/provider-view/1831626712
1831652577,"SALTER, ASHLEY",VI,AZ,2,PRACTITIONER - NURSE PRACTITIONER,https://npiregistry.cms.hhs.gov/provider-view/1831652577
1841907268,"STROP, HEATHER",VI,CA,2,PRACTITIONER - NURSE PRACTITIONER,https://npiregistry.cms.hhs.gov/provider-view/1841907268
1851547608,"HUNTER, ROBERT",VI,GA,2,PRACTITIONER - PSYCHIATRY,https://npiregistry.cms.hhs.gov/provider-view/1851547608
1851823215,"KENYON, VAN",VI,NY,2,PRACTITIONER - EMERGENCY MEDICINE,https://npiregistry.cms.hhs.gov/provider-view/1851823215
1851985923,"COLASUONNO, LAVONNE",VI,NC,2,PRACTITIONER - NURSE PRACTITIONER,https://npiregistry.cms.hhs.gov/provider-view/1851985923
1861493363,"RAJA, ABDULRAHMAN",VI,MO,2,PRACTITIONER - EMERGENCY MEDICINE,https://npiregistry.cms.hhs.gov/provider-view/1861493363
1861506669,"KHANDHERIA, MANOJ",VI,TX,2,PRACTITIONER - UROLOGY,https://npiregistry.cms.hhs.gov/provider-view/1861506669
1871579417,"COLMAN, RONALD",VI,TX,2,PRACTITIONER - GASTROENTEROLOGY,https://npiregistry.cms.hhs.gov/provider-view/1871579417
1871717652,"MANNO, REBECCA",VI,MD,2,PRACTITIONER - RHEUMATOLOGY,https://npiregistry.cms.hhs.gov/provider-view/1871717652
1881600575,"SAMMETT, DAVID",VI,NY,2,PRACTITIONER - CRITICAL CARE (INTENSIVISTS) | PRACTITIONER - GENERAL SURGERY,https://npiregistry.cms.hhs.gov/provider-view/1881600575
1881951028,"BEEVERS, RICHARD",VI,OK,2,PRACTITIONER - NURSE PRACTITIONER,https://npiregistry.cms.hhs.gov/provider-view/1881951028
1881970200,"PITTMAN, ALEX",VI,WA,2,PRACTITIONER - PHYSICIAN ASSISTANT,https://npiregistry.cms.hhs.gov/provider-view/1881970200
1891073169,"EDGE, LIZETTE",VI,NY,2,PRACTITIONER - HOSPITALIST | PRACTITIONER - INTERNAL MEDICINE,https://npiregistry.cms.hhs.gov/provider-view/1891073169
1891092722,"JIMERSON, SHANNA",VI,MS,2,PRACTITIONER - PHYSICAL THERAPIST IN PRIVATE PRACTICE,https://npiregistry.cms.hhs.gov/provider-view/1891092722
1902868581,"ADAMS, JIM",VI,TX,2,PRACTITIONER - PEDIATRIC MEDICINE,https://npiregistry.cms.hhs.gov/provider-view/1902868581
1912325200,"SIMICH, CLAUDIA",VI,TX,2,PRACTITIONER - EMERGENCY MEDICINE,https://npiregistry.cms.hhs.gov/provider-view/1912325200
1922008887,"WILLIAMS, EDWIN",VI,NY,2,PRACTITIONER - OTOLARYNGOLOGY | PRACTITIONER - PLASTIC AND RECONSTRUCTIVE SURGERY,https://npiregistry.cms.hhs.gov/provider-view/1922008887
1922206580,"PRINCE, CAROL",VI,MI,2,PRACTITIONER - DERMATOLOGY,https://npiregistry.cms.hhs.gov/provider-view/1922206580
1932143138,"MOSS, RAMONA",VI,DC,2,PRACTITIONER - CLINICAL PSYCHOLOGIST,https://npiregistry.cms.hhs.gov/provider-view/1932143138
1932985801,"MCDANNEL, THOMAS",VI,FL,2,PRACTITIONER - NURSE PRACTITIONER,https://npiregistry.cms.hhs.gov/provider-view/1932985801
1942438403,"OETTING, ELISA",VI,MO,2,PRACTITIONER - CERTIFIED REGISTERED NURSE ANESTHETIST (CRNA),https://npiregistry.cms.hhs.gov/provider-view/1942438403
1952440372,"PELLETIER, JESSE",VI,FL,2,PRACTITIONER - OPHTHALMOLOGY,https://npiregistry.cms.hhs.gov/provider-view/1952440372
1952487233,"POSTIGLIONE, PAULO",VI,CA,2,PRACTITIONER - ANESTHESIOLOGY,https://npiregistry.cms.hhs.gov/provider-view/1952487233
1952997215,"QUESENBERRY, TESS",VI,VA,2,PRACTITIONER - PHYSICIAN ASSISTANT,https://npiregistry.cms.hhs.gov/provider-view/1952997215
1962493684,"SUTHERLAND, VALERIE",VI,WA,2,PRACTITIONER - EMERGENCY MEDICINE | PRACTITIONER - INTERNAL MEDICINE,https://npiregistry.cms.hhs.gov/provider-view/1962493684
1962643858,"JENSEN, JENNIFER",VI,CA,2,PRACTITIONER - CERTIFIED NURSE MIDWIFE (CNM) | PRACTITIONER - NURSE PRACTITIONER,https://npiregistry.cms.hhs.gov/provider-view/1962643858
1962694216,"JACOBSON, DOUGLAS",VI,AZ,2,PRACTITIONER - ANESTHESIOLOGY,https://npiregistry.cms.hhs.gov/provider-view/1962694216
1972507911,"LAGRAND, JOHN",VI,MI,2,PRACTITIONER - OBSTETRICS/GYNECOLOGY,https://npiregistry.cms.hhs.gov/provider-view/1972507911
1972546588,"WARD, DARIN",VI,MO,2,PRACTITIONER - CERTIFIED REGISTERED NURSE ANESTHETIST (CRNA),https://npiregistry.cms.hhs.gov/provider-view/1972546588
1972640472,"JAEGGLI, NELSON",VI,TX,2,PRACTITIONER - EMERGENCY MEDICINE,https://npiregistry.cms.hhs.gov/provider-view/1972640472
1972981629,"CAYA, JOSHUA",VI,MT,2,PRACTITIONER - CHIROPRACTIC,https://npiregistry.cms.hhs.gov/provider-view/1972981629
1982099099,"CZARNIK, JEANETTE",VI,FL,2,PRACTITIONER - OCCUPATIONAL THERAPIST IN PRIVATE PRACTICE,https://npiregistry.cms.hhs.gov/provider-view/1982099099
1982695300,"THINH, TRUONG",VI,CA,2,PRACTITIONER - EMERGENCY MEDICINE,https://npiregistry.cms.hhs.gov/provider-view/1982695300
1982921888,"BLACKWELL, LAUREN",VI,NY,2,PRACTITIONER - CRITICAL CARE (INTENSIVISTS) | PRACTITIONER - PULMONARY DISEASE,https://npiregistry.cms.hhs.gov/provider-view/1982921888
1992134357,"SMITH, JUDSON",VI,TN,2,PRACTITIONER - NURSE PRACTITIONER,https://npiregistry.cms.hhs.gov/provider-view/1992134357
1992708044,"DUGGAL, PROMOD",VI,DC,2,PRACTITIONER - NEPHROLOGY,https://npiregistry.cms.hhs.gov/provider-view/1992708044
1992880595,"NASSER, GEORGE",VI,TX,2,PRACTITIONER - CARDIOVASCULAR DISEASE (CARDIOLOGY),https://npiregistry.cms.hhs.gov/provider-view/1992880595
1992925051,"OTERO, WILSON",VI,NM,2,PRACTITIONER - GASTROENTEROLOGY,https://npiregistry.cms.hhs.gov/provider-view/1992925051
